"name","sku","price","quantity","tags","image","description"
"Beach Shorts","APP-00001","40.0","50","adidas,black,clothing,women","https://assets.adidas.com/images/w_600,f_auto,q_auto/adce4c860bd841e0a853aafd00b362d7_9366/Beach_Shorts_Black_FJ5089_21_model.jpg","Splashing in the surf. Making memories with your friends. Beach days are the best days. These shorts are made of stretchy woven fabric. An elastic waistband that features the adidas logo brings a sporty look to your day at the beach."
"Five Ten Kestrel Lace Mountain Bike Shoes","SHOE-00001","150.0","50","adidas,grey,shoes,women","https://assets.adidas.com/images/w_600,f_auto,q_auto/2b04943c525e4909a7a5a9fa0116153d_9366/Five_Ten_Kestrel_Lace_Mountain_Bike_Shoes_Grey_BC0770_01_standard.jpg","Lace up and get after it. The Five Ten Kestrel Lace Mountain Bike Shoes offer efficient pedal power with low-profile style. The wide platform is compatible with all clipless pedals and offers high-friction grip on and off the bike. You'll find the find comfort and versatility for extended trail rides and afterwork hot laps alike."
"Mexico Away Jersey","APP-00002","70.0","50","adidas,clothing,kids,white","https://assets.adidas.com/images/w_600,f_auto,q_auto/4b12d5462aec410faee9ab1000feb34f_9366/Mexico_Away_Jersey_White_GC7946_01_laydown.jpg","Clean and crisp, this adidas Mexico Away Jersey for juniors displays a design that began life in an artist's studio. Soft, quick-drying fabric keeps you comfortable. Standing out on the chest, a team badge lets fans show pride in their soccer team."
"Five Ten Hiangle Pro Competition Climbing Shoes","SHOE-00002","160.0","50","adidas,black,five ten,shoes","https://assets.adidas.com/images/w_600,f_auto,q_auto/a50bf634157248c99dbcac02007a8d9f_9366/Five_Ten_Hiangle_Pro_Competition_Climbing_Shoes_Black_FV4744_01_standard.jpg","The Hiangle Pro takes on the classic shape of the original Hiangle with the addition of a seamless outsole wrapping around the toes, allowing for maximum rubber contact when tackling the most challenging boulder problems."
"Mesh Broken-Stripe Polo Shirt","APP-00003","65.0","50","adidas,blue,clothing,men","https://assets.adidas.com/images/w_600,f_auto,q_auto/0ca38931b0cb4d14a3daac440068e9bd_9366/Mesh_Broken-Stripe_Polo_Shirt_Blue_GM0239_21_model.jpg","Step up to the tee relaxed. This adidas golf polo shirt lets you focus on accurate drives and putts. Four-way stretch matches the body's natural movements. Breathable fabric keeps you comfortable spring, summer and fall. Recycled materials are one step towards reducing plastic waste."
"EQT Spikeless Golf Shoes","SHOE-00003","110.0","50","adidas,grey,shoes,women","https://assets.adidas.com/images/w_600,f_auto,q_auto/868765405ea54c68abc4ac5c011bc36e_9366/EQT_Spikeless_Golf_Shoes_Grey_FX7449_01_standard.jpg","Put comfort first. These adidas spikeless golf shoes combine a Bounce midsole and a Boost heel for a lightweight, responsive feel that helps you convert bogie's to birdies. They repel water to keep your feet dry through wet fairways. The versatile rubber outsole ensures easy transitions from your final putt to cold drinks at the clubhouse. Recycled materials are one step towards reducing plastic waste."
"Adicross Hybrid Shorts","APP-00004","80.0","50","adidas,black,clothing,men","https://assets.adidas.com/images/w_600,f_auto,q_auto/680d1a3589b54d1da173ac32014b9a37_9366/Adicross_Hybrid_Shorts_Black_GM5505_21_model.jpg","On the golf course, comfort is an essential component of keeping your concentration locked in on each shot. Stay focused as the temperature heats up with these ultra-lightweight adidas shorts. Move naturally through your round from the first tee to the 18th green. Then head for the clubhouse feeling ready for whatever comes next."
"Tiro 21 Windbreaker","APP-00005","60.0","50","adidas,black,clothing,kids","https://assets.adidas.com/images/w_600,f_auto,q_auto/304055d5fec84445b597ac4500f9c26b_9366/Tiro_21_Windbreaker_Black_GP4975_01_laydown.jpg","You can't always be a force of nature in soccer training. So when the intensity drops and the winds pick up, this juniors' adidas Tiro 21 Windbreaker has you covered. Moisture-absorbing AEROREADY and a mesh lining keep you dry. The streamlined silhouette ensures nothing gets in the way of your ball skills on the touchline. This product is made with recycled content as part of our ambition to end plastic waste."
"Classic 3-Stripes Swimsuit","APP-00006","40.0","50","adidas,black,clothing,women","https://assets.adidas.com/images/w_600,f_auto,q_auto/f8b3261ac689442f8ecfabd601157e2e_9366/Classic_3-Stripes_Swimsuit_Black_FS3923_21_model.jpg","You can show your concern for the health of the oceans while you increase your fitness in the pool. This adidas swimsuit is designed for comfort and support. Soft and fully lined, it's made with yarn spun from recycled materials. Iconic 3-Stripes tape on the sides gives it a sporty and classic look."
"Tiro 21 Windbreaker","APP-00007","65.0","50","adidas,black,clothing,men","https://assets.adidas.com/images/w_600,f_auto,q_auto/5aee09254c2446da9ed0ac560162c59e_9366/Tiro_21_Windbreaker_Black_GP4967_21_model.jpg","You can't always be a force of nature in soccer training. So when the intensity drops and the breeze picks up, this adidas Tiro 21 Windbreaker has you covered on the sidelines. Moisture-absorbing AEROREADY and a mesh lining help keep you dry while you're sheltering. The streamlined silhouette means you can stay mobile while you're waiting for the gusts to die down."
"Formotion Sculpt Biker Short Tights","APP-00008","60.0","50","adidas,black,clothing,women","https://assets.adidas.com/images/w_600,f_auto,q_auto/99a118e2f9cb482db9d9ac5d0022dde3_9366/Formotion_Sculpt_Biker_Short_Tights_Black_GL1127_21_model.jpg","Sometimes confidence comes in a surprising form. These adidas short tights have a unique sculpted shape to hold you in and targeted compression zones that support your muscles as you bend and stretch. If a compression look is not your thing, order a size up. An adaptive FORMOTION design follows your natural movement for a better fit and greater comfort in motion. A high-rise waist helps you focus, even before class begins."
"Athletic Cushioned Crew Socks 6 Pairs","ACC-00001","20.0","50","accessories,adidas,men,white","https://assets.adidas.com/images/w_600,f_auto,q_auto/c1d1f661da8e4e4f8ee9ab56011d3cd9_9366/Athletic_Cushioned_Crew_Socks_6_Pairs_White_B93219_03_standard.jpg","Stop searching for the lost match to your favorite socks. With six pairs of matching socks, you'll always have a set. These adidas crew socks support your feet with foot-hugging arch support. The stretch blend pulls moisture away from the skin to keep feet feeling dry."
"Inter Miami CF Home Authentic Jersey","APP-00009","70.0","50","adidas,clothing,kids,white","https://assets.adidas.com/images/w_600,f_auto,q_auto/140279c8bd41415d9e3eab1e0119f2d0_9366/Inter_Miami_CF_Home_Authentic_Jersey_White_EH8629_01_laydown.jpg","The future's a blank canvas. When Inter Miami CF step out in front of the home crowd, they'll wear a white uniform that shines under the Florida sun. This adidas soccer jersey is a juniors' version of their official home shirt. It keeps you dry on the training ground, though it's clean enough to wear on the street. The lightweight fabric displays embossed herons and sunset-pink details."
"Cushioned Mid-Crew Socks 2 Pairs","ACC-00002","14.0","50","accessories,adidas,black,men","https://assets.adidas.com/images/w_600,f_auto,q_auto/640a41d0b1354095a2c9aa3b010fa093_9366/Cushioned_Mid-Crew_Socks_2_Pairs_Black_CJ5831_03_standard.jpg","To get serious about training, start from the ground up. Give your feet the cushioned support and moisture-absorbing comfort of these adidas mid-cut crew socks. They have a Traxion footbed for a secure, no-slip fit as you train."
"Tour Camo-Print Hat","ACC-00003","30.0","50","accessories,adidas,blue,men","https://assets.adidas.com/images/w_600,f_auto,q_auto/b76152464fea41e6beacac2101447ece_9366/Tour_Camo-Print_Hat_Blue_GM7499_01_standard.jpg","Whether you prefer to dress it up or keep it casual, this adidas golf hat adds the finishing touch to any look on the links. Block your face from the bright sun as you eye the green. Play through in comfort and head for the clubhouse in versatile, street-inspired style. This product is made with Primegreen, a series of high-performance recycled materials."
"Essentials Loose Logo Tank Top","APP-00010","20.0","50","adidas,clothing,purple,women","https://assets.adidas.com/images/w_600,f_auto,q_auto/3cbad9836ed14e238064ad120154a49b_9366/Essentials_Loose_Logo_Tank_Top_Purple_H07758_21_model.jpg","What's on the agenda? Whether it's a quick lunch hour workout or a casual hang, you're covered with this adidas tank top. The fit is not too tight and not too loose — just perfectly comfortable. The high neck keeps things covered up front, and the racerback shows off your sports bra while also making sure you have a full range of motion."
"Essentials Loose Logo Tank Top","APP-00011","20.0","50","adidas,clothing,pink,women","https://assets.adidas.com/images/w_600,f_auto,q_auto/96f01ba9c7694f30b2c2ad12015461c4_9366/Essentials_Loose_Logo_Tank_Top_Pink_H07757_21_model.jpg","What's on the agenda? Whether it's a quick lunch hour workout or a casual hang, you're covered with this adidas tank top. The fit is not too tight and not too loose — just perfectly comfortable. The high neck keeps things covered up front, and the racerback shows off your sports bra while also making sure you have a full range of motion."
"Superstar Shoes","SHOE-00004","50.0","50","adidas,kids,shoes,white","https://assets.adidas.com/images/w_600,f_auto,q_auto/f174f8d962224d329f3fab1900d90f8e_9366/Superstar_Shoes_White_FV3143_01_standard.jpg","Ready to shine. Whether they're watching a game from the sidelines or taking their first steps towards shooting hoops themselves, these shoes will set your infant up for success. Ever since 1970, when the adidas Superstar shoe first appeared on the basketball court, they've held their place as an icon. This version shines with iridescent 3-Stripes. Elastic laces allow for easy on and off."
"Essentials Loose Logo Tank Top","APP-00012","20.0","50","adidas,clothing,green,women","https://assets.adidas.com/images/w_600,f_auto,q_auto/79b5b020d633469bb5c3ad1201541cb8_9366/Essentials_Loose_Logo_Tank_Top_Green_H07756_21_model.jpg","What's on the agenda? Whether it's a quick lunch hour workout or a casual hang, you're covered with this adidas tank top. The fit is not too tight and not too loose — just perfectly comfortable. The high neck keeps things covered up front, and the racerback shows off your sports bra while also making sure you have a full range of motion."
"Formotion Sculpt Tights","APP-00013","48.0","50","adidas,blue,clothing,women","https://assets.adidas.com/images/w_600,f_auto,q_auto/fbf8d87dc26e45bfb5a3ac5d0180ed8b_9366/Formotion_Sculpt_Tights_Blue_GN9137_21_model.jpg","Sometimes confidence comes in a surprising form. These adidas tights have a unique sculpted shape to hold you in and targeted compression zones that support your muscles as you bend and stretch. If a compression look is not your thing, order a size up. An adaptive Formotion design follows your natural movement for a better fit and greater comfort in motion. A high rise and flattering length help you focus, even before class begins."
"Marvel X Ghosted.3 Firm Ground Cleats","SHOE-00005","64.0","50","adidas,blue,shoes,soccer","https://assets.adidas.com/images/w_600,f_auto,q_auto/2ecd25d24150448da678ac9900f4258b_9366/Marvel_X_Ghosted.3_Firm_Ground_Cleats_Blue_FZ1757_01_standard.jpg","X has mutated to give you superhuman acceleration. These limited-edition adidas soccer cleats fire a classic comic book character onto the pitch. Cyclops and Marvel X-Men graphics light up the semi-transparent and foot-hugging Speedskin upper as well as the insole. The low-cut silhouette with signature Clawcollar shape locks your foot in for match-long stability and support. The stretchy tongue ensures you can get into them in a flash."
"Pureboost 21 Shoes","SHOE-00006","91.0","50","adidas,purple,shoes,women","https://assets.adidas.com/images/w_600,f_auto,q_auto/af49508f365845108e9fad1300d503ed_9366/Pureboost_21_Shoes_Purple_GY5110_01_standard.jpg","For quick morning miles and more. These adidas Pureboost performance running shoes are so simple, you'll want to wear them beyond your daily run. With responsive BOOST, the comfort is clear as soon as you slip them on. The soft knit upper comes with an external heel counter, which locks your foot in place as you run down that last hill."
"Lite Racer BYD 2.0 Shoes","SHOE-00007","56.0","50","adidas,grey,men,shoes","https://assets.adidas.com/images/w_600,f_auto,q_auto/4d8e4da633b144cc90e1ad1a00bc570a_9366/Lite_Racer_BYD_2.0_Shoes_Grey_GZ8209_01_standard.jpg","Simplicity, versatility and comfort. Lace up these running-inspired shoes on action-filled days. They're quick to slip on when you're racing out the door. The rubber outsole gives you traction on slippery and uneven surfaces. A Cloudfoam midsole is for a soft feel and all-day cushioning. This product is made with Primegreen, a series of high-performance recycled materials. 50% of the upper is recycled content. No virgin polyester."
"Adilette Shower Slides","SHOE-00008","20.0","50","adidas,pink,shoes,women","https://assets.adidas.com/images/w_600,f_auto,q_auto/2533bd7aebef4112a775ac3c006d5318_9366/Adilette_Shower_Slides_Pink_FZ2853_01_standard.jpg","When you hit the pool, there's only one thing you need: these adidas slides. Okay, and a bathing suit. The point is, there's no need to pack a separate pair of shoes in your gym bag. All your pre- and post-pool comfort is right here. The slides dry quickly, so hop out of the shower and straight into them before taking on the rest of the day."
"Essentials Loose Logo Tank Top","APP-00014","20.0","50","adidas,clothing,white,women","https://assets.adidas.com/images/w_600,f_auto,q_auto/9f081356674948ca99f3ac820134738c_9366/Essentials_Loose_Logo_Tank_Top_White_GL0567_21_model.jpg","What's on the agenda? Whether it's a quick lunch hour workout or a casual hang, you're covered with this adidas tank top. The fit is not too tight and not too loose — just perfectly comfortable. The high neck keeps things covered up front, and the racerback shows off your sports bra while also making sure you have a full range of motion."
"Conext 21 Mini Ball","ACC-00004","10.0","50","accessories,adidas,men,white","https://assets.adidas.com/images/w_600,f_auto,q_auto/3b7341a09fc940308c22ac7e01293638_9366/Conext_21_Mini_Ball_White_GK3487_01_standard.jpg","The world moves to the beat of the beautiful game. This adidas Conext 21 Mini Ball displays a vibrant design inspired by motion. Its interlinking panels represent the unity of soccer's six continental federations. Beneath the laminated surface, a foam core means you won't need a pump to keep this pint-sized ball rolling."
"Essentials Logo Dress","APP-00015","32.0","50","adidas,clothing,purple,women","https://assets.adidas.com/images/w_600,f_auto,q_auto/d465d3eedc704ec09f4cad2401783ddf_9366/Essentials_Logo_Dress_Purple_H42010_21_model.jpg","If ease is what you're looking for, then the search stops here. This adidas dress is all about it. All you have to do is pull it on, and instantly you're set with comfort. And style, which just comes naturally when there's a big and undeniable adidas Badge of Sport making a statement on the front. The loose shape drapes the body in soft cotton and lets you move entirely your way."
"Copa Sense.3 Turf Shoes","SHOE-00009","64.0","50","adidas,men,shoes,white","https://assets.adidas.com/images/w_600,f_auto,q_auto/0f4076bb02a046f8bec4ac6f0104c597_9366/Copa_Sense.3_Turf_Shoes_White_FW6528_01_standard.jpg","In the cage. On the court. When the walls close in, your senses take over. Let Copa Sense elevate your touch as you switch up your game. The stretchy collar on these adidas soccer shoes makes for easy entry and a secure fit. Once on, the anatomically designed upper keeps you firmly locked in. Soft and durable, the leather forefoot brings step-in comfort and a touch that buys you time on the busiest courts."
"Best Version of Myself Slogan Graphic Tank Top","APP-00016","18.0","50","adidas,clothing,women,yellow","https://assets.adidas.com/images/w_600,f_auto,q_auto/c7143a6d5d614fb0bd1dad1201364143_9366/Best_Version_of_Myself_Slogan_Graphic_Tank_Top_Yellow_GS4153_21_model.jpg","Every day brings a new opportunity to be the best version of yourself. The inspirational graphic on this adidas tank top reminds you to strive to be a little bit better than the day before. Reach for that goal in comfort, thanks to the racerback design and moisture-absorbing AEROREADY technology. By buying cotton products from us, you're supporting more sustainable cotton farming. This product is made with recycled content as part of our ambition to end plastic waste."
"Essentials 3-Stripes Full-Zip Hoodie","APP-00017","44.0","50","adidas,clothing,green,women","https://assets.adidas.com/images/w_600,f_auto,q_auto/d0653e12bd194e969094ad1a00da7b12_9366/Essentials_3-Stripes_Full-Zip_Hoodie_Green_H07840_21_model.jpg","There are a lot of things we compromise on in life. Comfort isn't one of them. Not with this adidas hoodie, at least. It's made from soft, stretchy cotton to make sure nothing limits your movements. Whether you're warming up or laying low, the casual layer keeps you feeling good on all fronts."
"Best Version of Myself Slogan Graphic Tank Top","APP-00018","20.0","50","adidas,black,clothing,women","https://assets.adidas.com/images/w_600,f_auto,q_auto/523b60f9ba394a0892bfad1d013b79a4_9366/Best_Version_of_Myself_Slogan_Graphic_Tank_Top_Black_H14698_21_model.jpg","Every day brings a new opportunity to be the best version of yourself. The inspirational graphic on this adidas tank top reminds you to strive to be a little bit better than the day before. Reach for that goal in comfort, thanks to the racerback design and moisture-absorbing AEROREADY technology. By buying cotton products from us, you're supporting more sustainable cotton farming. This product is made with recycled content as part of our ambition to end plastic waste."
"adidas Sportswear Future Icons Logo Graphic Tee","APP-00019","24.0","50","adidas,blue,clothing,men","https://assets.adidas.com/images/w_600,f_auto,q_auto/6227efb234134f65a06dad230022b83e_9366/adidas_Sportswear_Future_Icons_Logo_Graphic_Tee_Blue_H39753_21_model.jpg","There are times to go hard, and then there are moments to give into the stillness. Both are a showcase of strength. Whatever the speed, this adidas t-shirt is down for it. Soft material hangs on the body with a loose, casual shape for total comfort. A logo graphic on the front puts your dedication on full display — not like it wasn't already clear."
"FutureNatural Shoes","SHOE-00010","84.0","50","adidas,blue,men,shoes","https://assets.adidas.com/images/w_600,f_auto,q_auto/73f363813c78454884a1ad210178bf8d_9366/FutureNatural_Shoes_Blue_GX5152_01_standard.jpg","Trends change, but feet remain the same. Made for running and training, these adidas shoes were designed to work with the foot to support natural movement in every direction. A smooth transition between the adidas Primeknit upper and injected PU midsole provides a seamless fit and unrestricted feel. This product is made with recycled content as part of our ambition to end plastic waste. 20% of pieces used to make the upper are made with minimum 50% recycled content."
"Marvel Superhero Racer TR 2.0 Shoes","SHOE-00011","35.0","50","adidas,black,kids,shoes","https://assets.adidas.com/images/w_600,f_auto,q_auto/7fa0f04111704bbf9899ad1f01781fae_9366/Marvel_Superhero_Racer_TR_2.0_Shoes_Black_H04458_01_standard.jpg","For the toddler in your family who's already always on the move, keep their feet cozy in these adidas shoes. The soft upper and lightweight midsole let them explore the big new world in comfort and confidence. This product is made with recycled content as part of our ambition to end plastic waste. 20% of pieces used to make the upper are made with minimum 50% recycled content."
"Primegreen Essentials Warm-Up Slim 3-Stripes Track Jacket","APP-00020","40.0","50","adidas,blue,clothing,women","https://assets.adidas.com/images/w_600,f_auto,q_auto/a2c3704ca5c64d16b96cad2400b3af40_9366/Primegreen_Essentials_Warm-Up_Slim_3-Stripes_Track_Jacket_Blue_H48444_21_model.jpg","Dash out the door feeling ready for it all. This track jacket has a slim cut with raglan sleeves for a distraction-free feel while warming up or recovering later on. Side pockets keep a bus pass and music player within reach. This product is made with Primegreen, a series of high-performance recycled materials."
"Sherpa Jacket","APP-00021","120.0","50","adidas,black,clothing,women","https://assets.adidas.com/images/w_600,f_auto,q_auto/9bdfe40ae7a943d2af47ad5f01145cfd_9366/Sherpa_Jacket_Black_HG6676_21_model.jpg","Get the best of ease and style in this adidas Sherpa jacket. Super-soft, ultra fluffy fleece blankets you in comfort. Its voluminous balloon shape, emphasized by elastic on the waist and cuffs, ensures a standout look. Layered pockets play up the drama even more. Statement made."
"Sherpa Jacket","APP-00022","120.0","50","adidas,clothing,white,women","https://assets.adidas.com/images/w_600,f_auto,q_auto/b315cd43fc18479b8e7fad5f0114ab47_9366/Sherpa_Jacket_White_HG6677_21_model.jpg","Get the best of ease and style in this adidas Sherpa jacket. Super-soft, ultra fluffy fleece blankets you in comfort. Its voluminous balloon shape, emphasized by elastic on the waist and cuffs, ensures a standout look. Layered pockets play up the drama even more. Statement made."
"Yoga Pants","APP-00023","56.0","50","adidas,clothing,green,men","https://assets.adidas.com/images/w_600,f_auto,q_auto/777d67be9015451ba959ad020004eee1_9366/Yoga_Pants_Green_GU3945_21_model.jpg","Find your bliss in these adidas yoga pants. AEROREADY wicks away moisture as you try to hold your Scorpion Pose one more second. The soft French terry build might make you not want to get up from Corpse Pose. But achieving that reset feeling afterwards brings you back every time. This product is made with Primegreen, a series of high-performance recycled materials."
"AEROREADY Designed 2 Move Feelready Sport Long Sleeve Tee","APP-00024","24.0","50","adidas,clothing,green,men","https://assets.adidas.com/images/w_600,f_auto,q_auto/3aface12089d4016b1a6ad23001ab96d_9366/AEROREADY_Designed_2_Move_Feelready_Sport_Long_Sleeve_Tee_Green_H30296_21_model.jpg","This long sleeve tee is made for busy days. From working out to hauling the kids around town, you'll appreciate the smart design details at every step. Its FreeLift design means an enhanced range of motion and extra coverage at the back. This product is made with Primegreen, a series of high-performance recycled materials."
"Essentials French Terry 3-Stripes Hoodie","APP-00025","42.0","50","adidas,blue,clothing,men","https://assets.adidas.com/images/w_600,f_auto,q_auto/06b898c103ef4ee5b2e9ac8200cf1fa8_9366/Essentials_French_Terry_3-Stripes_Hoodie_Blue_GK9081_21_model.jpg","Cool nights and early mornings call for the solid, reliable warmth of this adidas hoodie. The classic design is inspired by old-school workout gear from the adidas archive. Hot tip: One of the best ways to settle into a feeling of ease? Soft French terry fabric. Which is exactly what this is made of. So zip in, and get comfortable. You really don't have a choice."
"Fluidflash Shoes","SHOE-00012","60.0","50","adidas,essentials,shoes,white","https://assets.adidas.com/images/w_600,f_auto,q_auto/2b1bf02513c94d218497ad1d0115fe29_9366/Fluidflash_Shoes_White_GY5019_01_standard.jpg","You never blend in. So pair your attitude with your look in these adidas Fluidflash Shoes. A design inspired by outer space levels up your sneaker game. Luxe, lightweight softness makes you feel like you're walking in zero gravity. Liftoff. This product is made with recycled content as part of our ambition to end plastic waste. 20% of pieces used to make the upper are made with minimum 50% recycled content."
"Essentials Slim Logo Shorts","APP-00026","18.0","50","adidas,clothing,grey,women","https://assets.adidas.com/images/w_600,f_auto,q_auto/71bea60712d540f88e8dacd20113ad70_9366/Essentials_Slim_Logo_Shorts_Grey_GM5537_21_model.jpg","Go ahead and settle in. Not only do you deserve it, but these adidas shorts make it easy. Soft French terry material is to thank for that. Also, shout out to the drawcord-adjustable waist, which lets you personalize the fit to your liking. While we're giving credit, the side slits on the hem should be given their dues for making sure you move without restriction in total comfort."
"Essentials 3-Stripes Crop Top","APP-00027","20.0","50","adidas,black,clothing,women","https://assets.adidas.com/images/w_600,f_auto,q_auto/4628e02971434b419b94ad03016199a2_9366/Essentials_3-Stripes_Crop_Top_Black_GS1343_21_model.jpg","You deserve comfort, and this crop top makes sure you get it. It also makes sure you're not just feeling good, but that you look good too. The minimalist, sporty build is all about versatility, which encourages you to make the look entirely yours. Layered, on its own, with high-waisted trousers or played down with sweats — you really can't go wrong. The soft cotton jersey fabric keeps you comfortable, even on the longest of days, with just the perfect amount of stretch."
"ZX 2K Boost Shoes","SHOE-00013","105.0","50","adidas,originals,shoes,white","https://assets.adidas.com/images/w_600,f_auto,q_auto/fb3f10a6736947d19a4fac9300bc16f3_9366/ZX_2K_Boost_Shoes_White_GV7380_01_standard.jpg","The ZX stepped onto the scene as a revolutionary line of technical runners. These adidas ZX 2K Boost Shoes honor the spirit of innovation that drives change in tech and in culture. No-sew overlays add depth to the upper. Boost keeps your energy high so you're always moving forward."
"Lite Racer BYD 2.0 Shoes","SHOE-00014","56.0","50","adidas,blue,men,shoes","https://assets.adidas.com/images/w_600,f_auto,q_auto/97a36b5e5a904f86aa24ad180160f86c_9366/Lite_Racer_BYD_2.0_Shoes_Blue_GZ8211_01_standard.jpg","Simplicity, versatility and comfort. Lace up these running-inspired shoes on action-filled days. They're quick to slip on when you're racing out the door. The rubber outsole gives you traction on slippery and uneven surfaces. A Cloudfoam midsole is for a soft feel and all-day cushioning. This product is made with Primegreen, a series of high-performance recycled materials. 50% of the upper is recycled content. No virgin polyester."
"Essentials 3-Stripes Full-Zip Hoodie","APP-00028","44.0","50","adidas,blue,clothing,women","https://assets.adidas.com/images/w_600,f_auto,q_auto/f051670b7aed49fc9b84ad1a00da2f5f_9366/Essentials_3-Stripes_Full-Zip_Hoodie_Blue_H07839_21_model.jpg","There are a lot of things we compromise on in life. Comfort isn't one of them. Not with this adidas hoodie, at least. It's made from soft, stretchy cotton to make sure nothing limits your movements. Whether you're warming up or laying low, the casual layer keeps you feeling good on all fronts."
"ZX 2K Boost 2.0 Shoes","SHOE-00015","105.0","50","adidas,shoes,white,women","https://assets.adidas.com/images/w_600,f_auto,q_auto/0a9e3d5975a54531a022ad0a0080c97d_9366/ZX_2K_Boost_2.0_Shoes_White_GZ7823_01_standard.jpg","ZXience expands the ZX universe with a glow. Step into the ZX 2K BOOST 2.0 to experience the cushioned comfort of the wrapped Boost midsole. Embrace the glow of the upper's bold luminous design. Eyes may widen. Embrace all sensations."
"Racer TR21 Shoes","SHOE-00016","60.0","50","adidas,grey,shoes,women","https://assets.adidas.com/images/w_600,f_auto,q_auto/4dab15a847d148f6bb53ad0a01408d1f_9366/Racer_TR21_Shoes_Grey_H00652_01_standard.jpg","These adidas shoes bring the athletic style of running footwear to your everyday look. Move confidently through your day in a comfortably snug fit and a lightweight midsole that provides all-day cushioning underfoot. This product is made with Primegreen, a series of high-performance recycled materials. 50% of the upper is recycled content. No virgin polyester."
"Aeromotion Pants","APP-00029","42.0","50","adidas,blue,clothing,men","https://assets.adidas.com/images/w_600,f_auto,q_auto/1d31a737f5d34691b96bace70123c99e_9366/Aeromotion_Pants_Blue_H29175_21_model.jpg","These adidas workout pants are made for cool-weather training sessions. The slim fit and lightweight feel ensure distraction-free comfort, and the fabric keeps your muscles warm and ready to move. Moisture-absorbing AEROREADY helps you stay dry. Cinch the drawcord on the elastic waist for just the right fit. This product is made with Primegreen, a series of high-performance recycled materials."
"ZX 2K Boost 2.0 Shoes","SHOE-00017","105.0","50","adidas,black,men,shoes","https://assets.adidas.com/images/w_600,f_auto,q_auto/863d4897024d437facfdad210158431e_9366/ZX_2K_Boost_2.0_Shoes_Black_GZ9087_01_standard.jpg","In the '80s, the ZX series made some serious noise when it broke onto the running scene. Not a bad legacy to lace into. Put on these adidas ZX 2K Boost 2.0 Shoes and shake things up yourself. You'll stay comfortable as you do, thanks to plush cushioning."
"Crew Sweatshirt","APP-00030","60.0","50","adidas,clothing,purple,women","https://assets.adidas.com/images/w_600,f_auto,q_auto/e92bad54ff504630a0bcad8e00c5d4cf_9366/Crew_Sweatshirt_Purple_HG6687_21_model.jpg","Even in its simplest version, this adidas sweatshirt goes all in on drama. A metallic-gold Trefoil logo hints at what's in store. Open up the matching zips to reveal a mesh layer underneath. A silhouette transformed in seconds. Your comfort never changes, thanks to the ultra-soft French terry."
"Allover Print Camo Shorts and Tee Set","APP-00031","36.0","50","adidas,blue,clothing,kids","https://assets.adidas.com/images/w_600,f_auto,q_auto/2cbf5219ca3f4cfea970ad0c00e6f9cd_9366/Allover_Print_Camo_Shorts_and_Tee_Set_Blue_H20302_01_laydown.jpg","They're so vibrant, not even camouflage can make them blend in. Get kids dressed to explore in this adidas shorts and t-shirt set. Bright yellow splashes on the camo shout to their unstoppable energy. Soft cotton fabric means they'll be comfy, no matter where their discoveries take them. By buying cotton products from us, you're supporting more sustainable cotton farming."
"Marimekko Believe This Primegreen AEROREADY Training Bra","APP-00032","20.0","50","adidas,clothing,kids,pink","https://assets.adidas.com/images/w_600,f_auto,q_auto/4a85af36071f4e8b9d69ad1d013605d0_9366/Marimekko_Believe_This_Primegreen_AEROREADY_Training_Bra_Pink_GV2043_01_laydown.jpg","Celebrate female empowerment your own way. Designed with Finnish label Marimekko, this juniors' adidas training bra shows off your fierce, feminine spirit. Bright colors in Marimekko's famous Räsymatto design give you signature style. Work hard in comfort thanks to moisture-absorbing AEROREADY. This product is made with Primegreen, a series of high-performance recycled materials."
"Brand Love Repeat Logo High-Waist Woven Pants","APP-00033","36.0","50","adidas,black,clothing,women","https://assets.adidas.com/images/w_600,f_auto,q_auto/ad53d57dbfba48fd84d9ad030163666b_9366/Brand_Love_Repeat_Logo_High-Waist_Woven_Pants_Black_GS1355_21_model.jpg","First things first. These are not your average track pants. They've got big personality, with an allover crinkle texture and a stacked adidas Badge of Sport that will make you do a double take. Elastic at the waist and ankles gives a secure fit with plenty of give. This product is made with recycled content as part of our ambition to end plastic waste."
"adidas x Zoe Saldana Feelbrilliant AEROREADY 3/4 Printed Sport Tights","APP-00034","36.0","50","adidas,black,clothing,women","https://assets.adidas.com/images/w_600,f_auto,q_auto/9f78c343cd5d4d2d8047ad11009f0b8b_9366/adidas_x_Zoe_Saldana_Feelbrilliant_AEROREADY_3-4_Printed_Sport_Tights_Black_GS3913_21_model.jpg","With these adidas tights, you don't have to choose between function and style. Bend, stretch and flex confidently in a snug fit that offers coverage in all the right places. Stay comfortable even when your workout heats up, then move on to the rest of your day feeling fresh and dry, thanks to moisture-absorbing AEROREADY. The allover print brings style for any occasion."
"Brand Love Repeat Logo High-Waist Woven Pants","APP-00035","41.0","50","adidas,clothing,purple,women","https://assets.adidas.com/images/w_600,f_auto,q_auto/d6caf6b084354321891dad1f010b3c51_9366/Brand_Love_Repeat_Logo_High-Waist_Woven_Pants_Purple_H10244_21_model.jpg","First things first. These are not your average track pants. They've got big personality, with an allover crinkle texture and a stacked adidas Badge of Sport that will make you do a double take. Elastic at the waist and ankles gives a secure fit with plenty of give. This product is made with recycled content as part of our ambition to end plastic waste."
"ZX 2K Boost 2.0 Shoes","SHOE-00018","105.0","50","adidas,green,shoes,women","https://assets.adidas.com/images/w_600,f_auto,q_auto/ca444170d4944211abf8ad1e00d3c386_9366/ZX_2K_Boost_2.0_Shoes_Green_GZ7826_01_standard.jpg","ZXience expands the ZX universe with a glow. Step into the ZX 2K BOOST 2.0 to experience the cushioned comfort of the wrapped Boost midsole. Embrace the glow of the upper's bold luminous design. Eyes may widen. Embrace all sensations."
"3-Stripes Low Cut Socks 3 Pairs","ACC-00005","10.0","50","accessories,adidas,grey,women","https://assets.adidas.com/images/w_600,f_auto,q_auto/9af3f275aac6437aaa68aca1006424e0_9366/3-Stripes_Low_Cut_Socks_3_Pairs_Grey_EX6581_03_standard.jpg","Long sets of tuck-ups or leg presses, workouts feel just a little bit easier with the 3-Stripes on your side. Cut low for a comfort, these socks show off a touch of adidas love on the cuff for added motivation when you need it. Lightweight, moisture-wicking yarn keeps your feet feeling as good as they look."
"Future Icons 3-Stripes Tapered-Leg Pants","APP-00036","32.0","50","adidas,clothing,grey,kids","https://assets.adidas.com/images/w_600,f_auto,q_auto/49399d0b175947ac8d43ad230068170b_9366/Future_Icons_3-Stripes_Tapered-Leg_Pants_Grey_H07368_01_laydown.jpg","Let your 3-Stripes do your talking for you. Warm up or cool down between workouts in these juniors' pants. Show off your love of adidas with a fresh take on the 3-Stripes. Soft knit feels like the weekend no matter what day you wear them. Enough said. This product is made with Primegreen, a series of high-performance recycled materials."
"HEAT.RDY Warrior Tee","APP-00037","40.0","50","adidas,clothing,men,purple","https://assets.adidas.com/images/w_600,f_auto,q_auto/0744f98958c74f43b887acdf005a04ce_9366/HEAT.RDY_Warrior_Tee_Purple_GU0680_21_model.jpg","Boot camp: Day one. Ah, the old inflatable obstacle course. You're going to conquer it like it's a bouncy castle. This adidas training t-shirt is made with HEAT.RDY to maximize airflow, so you feel cool as you maneuver. Three minutes later, you're swinging through the waterfall, and you're out."
"ZX 2K Boost 2.0 Shoes","SHOE-00019","135.0","50","adidas,men,shoes,white","https://assets.adidas.com/images/w_600,f_auto,q_auto/683dd153ad254fad8b4ead3b00a2903d_9366/ZX_2K_Boost_2.0_Shoes_White_GY3494_01_standard.jpg","Look fast. Feel fast. Built on cutting-edge running tech and a progressive spirit, these adidas ZX 2K Boost 2.0 Shoes serve up serious comfort for all your daily moves. Responsive Boost energizes every step as you zip around town. Translucent details flash futuristic style."
"ZX 2K Boost Pure Shoes","SHOE-00020","135.0","50","adidas,blue,men,shoes","https://assets.adidas.com/images/w_600,f_auto,q_auto/7e6fa47d00d64c9a9851acd900fd3a85_9366/ZX_2K_Boost_Pure_Shoes_Blue_GZ7730_01_standard.jpg","Peer into pure satisfaction. Lace into the stealthy upper of the ZX 2K BOOST PURE's sophisticated tech silhouette. Feel the soft materials embrace your feet. Take a squishy step. The ZX universe just expanded to a new level of sensation."
"Racer TR21 Shoes","SHOE-00021","53.0","50","adidas,shoes,white,women","https://assets.adidas.com/images/w_600,f_auto,q_auto/c7b8204810d94fea9ecbad1a00b45740_9366/Racer_TR21_Shoes_White_H00647_01_standard.jpg","These adidas shoes bring the athletic style of running footwear to your everyday look. Move confidently through your day in a comfortably snug fit and a lightweight midsole that provides all-day cushioning underfoot. This product is made with Primegreen, a series of high-performance recycled materials. 50% of the upper is recycled content. No virgin polyester."
"EQ21 Run Shoes","SHOE-00022","64.0","50","adidas,grey,men,shoes","https://assets.adidas.com/images/w_600,f_auto,q_auto/2a39e30fa12a4be3afdead0b0104eeec_9366/EQ21_Run_Shoes_Grey_H68075_01_standard.jpg","When running is your sport, there's nothing you love more than that daily run. Log miles in ultimate comfort when you lace up in these adidas shoes. A breathable upper keeps feet feeling cool and fresh on warm days. Lightweight cushioning makes each step more enjoyable. This product is made with recycled content as part of our ambition to end plastic waste. 20% of pieces used to make the upper are made with minimum 50% recycled content."
"Racer TR21 Shoes","SHOE-00023","68.0","50","adidas,black,men,shoes","https://assets.adidas.com/images/w_600,f_auto,q_auto/dd084e94cae14f29b318ad1e01055d56_9366/Racer_TR21_Shoes_Black_GV7386_01_standard.jpg","Stay comfortable and light on your feet through every step of your day in these shoes. Running-inspired cushioning is lightweight underfoot. The 3-Stripes design brings classic adidas style to any look. This product is made with Primegreen, a series of high-performance recycled materials. 50% of the upper is recycled content. No virgin polyester."
"Delpala x FMF Shoes","SHOE-00024","52.0","50","adidas,originals,shoes,white","https://assets.adidas.com/images/w_600,f_auto,q_auto/d45df8df7aee4275a7e8ac7501336879_9366/Delpala_x_FMF_Shoes_White_H02584_01_standard.jpg","Witness the rebirth of adidas vulcanized shoes. Democratic to the core, your style spans the ocean to connect the attitude of Mexico's team to a laid-back California vibe. Pops of color? Yes. Metallic gold accents? Of course. Super fresh look? Totally."
"ZX 1K Boost Shoes","SHOE-00025","70.0","50","adidas,blue,originals,shoes","https://assets.adidas.com/images/w_600,f_auto,q_auto/10dfabb1c1fc4c03ad9bac8500bb283d_9366/ZX_1K_Boost_Shoes_Blue_H68719_01_standard.jpg","In a constantly evolving world, keeping up is just part of the routine. Stay on top of it in these airy knit mesh adidas shoes. The ZX series has merged technology with culture since the '80s. Today a combination of Boost and EVA cushioning keeps you comfortable as you charge through the day."
"ZX 1K Boost Shoes","SHOE-00026","56.0","50","adidas,kids,shoes,white","https://assets.adidas.com/images/w_600,f_auto,q_auto/2d54ce8bf9964897abadac8500baf4ad_9366/ZX_1K_Boost_Shoes_White_G58922_01_standard.jpg","Worthy of the ZX name, these juniors' adidas shoes put innovation on display. Inspired by cutting-edge ZX styles from the archive, this pair shows off a soft mesh upper mixed with synthetic suede. For a hit of modern tech, Boost and EVA combine to create a cushioned midsole that's ready to take on the future, one comfy step at a time."
"Puremotion Shoes","SHOE-00027","56.0","50","adidas,shoes,white,women","https://assets.adidas.com/images/w_600,f_auto,q_auto/78fb7e761aa642d895a8ad1e01781cb4_9366/Puremotion_Shoes_White_H00586_01_standard.jpg","Be ready for days when the action keeps coming. Head out the door in these running-inspired shoes that combine simple elegance with lasting comfort. The plush midsole cushions each stride to keep you feeling energized until long after sundown."
"ZX 2K Boost 2.0 Shoes","SHOE-00028","105.0","50","adidas,shoes,white,women","https://assets.adidas.com/images/w_600,f_auto,q_auto/b3646fca76a44decb317acee00db5373_9366/ZX_2K_Boost_2.0_Shoes_White_GZ7824_01_standard.jpg","ZXience expands the ZX universe with a glow. Step into the ZX 2K BOOST 2.0 to experience the cushioned comfort of the wrapped Boost midsole. Embrace the glow of the upper's bold luminous design. Eyes may widen. Embrace all sensations."
"ZX 2K Boost 2.0 Shoes","SHOE-00029","105.0","50","adidas,purple,shoes,women","https://assets.adidas.com/images/w_600,f_auto,q_auto/51f0902e92ff42a39fcbad240146d3d7_9366/ZX_2K_Boost_2.0_Shoes_Purple_GZ7825_01_standard.jpg","ZXience expands the ZX universe with a glow. Step into the ZX 2K BOOST 2.0 to experience the cushioned comfort of the wrapped Boost midsole. Embrace the glow of the upper's bold luminous design. Eyes may widen. Embrace all sensations."
"ZX 1K Boost Shoes","SHOE-00030","70.0","50","adidas,shoes,white,women","https://assets.adidas.com/images/w_600,f_auto,q_auto/6cd41a26cfdf4dc99242ad0b00fe1fab_9366/ZX_1K_Boost_Shoes_White_H02939_01_standard.jpg","The ZX series entered the scene in the '80s and took hold of running culture with its groundbreaking approach to speed. These adidas ZX 1K Boost Shoes might not be about performance anymore, but that doesn't mean they're slowing down. Forever forward focused, the progressive silhouette doubles up on comfort with a plush Boost and EVA midsole combo. The mesh upper is accented with synthetic overlays. This product is made with recycled content as part of our ambition to end plastic waste. 20% of pieces used to make the upper are made with minimum 50% recycled content."
"ZX 1K Boost Shoes","SHOE-00031","77.0","50","adidas,grey,men,shoes","https://assets.adidas.com/images/w_600,f_auto,q_auto/fa0d0ce7e13d4ed69c41ad9400e63954_9366/ZX_1K_Boost_Shoes_Grey_H00430_01_standard.jpg","The ZX line pioneered a new approach to speed. It raised the bar in comfort and style. Now, it's taking on cool weather. Made with a winterized sole and suede overlays, these adidas shoes keep your stride steady and your feet warm as you cruise through chilly days in the city. Reflective details ensure your style always shines. Plus, double the comfort with EVA and Boost underfoot. This product is made with recycled content as part of our ambition to end plastic waste. 20% of pieces used to make the upper are made with minimum 50% recycled content."
"ZX 1K Boost Shoes","SHOE-00032","70.0","50","adidas,black,originals,shoes","https://assets.adidas.com/images/w_600,f_auto,q_auto/c1a09f5d469c4200ab7aac8300b24ce7_9366/ZX_1K_Boost_Shoes_Black_FX6515_01_standard.jpg","In a constantly evolving world, keeping up is just part of the routine. Stay on top of it in these airy knit mesh adidas shoes. The ZX series has merged technology with culture since the '80s. Today a combination of Boost and EVA cushioning keeps you comfortable as you charge through the day."
"ZX 1K Boost Shoes","SHOE-00033","77.0","50","adidas,black,men,shoes","https://assets.adidas.com/images/w_600,f_auto,q_auto/f83cce0f15b0432a8921ad5500fd23a4_9366/ZX_1K_Boost_Shoes_Black_H00428_01_standard.jpg","The ZX line pioneered a new approach to speed. It raised the bar in comfort and style. Now, it's taking on cool weather. Made with a winterized sole and suede overlays, these adidas shoes keep your stride steady and your feet warm as you cruise through chilly days in the city. Reflective details ensure your style always shines. Plus, double the comfort with EVA and Boost underfoot. This product is made with recycled content as part of our ambition to end plastic waste. 20% of pieces used to make the upper are made with minimum 50% recycled content."
"ZX 1K Boost Shoes","SHOE-00034","70.0","50","adidas,grey,shoes,women","https://assets.adidas.com/images/w_600,f_auto,q_auto/366b13c2de9b40289256ad1e009eb8e7_9366/ZX_1K_Boost_Shoes_Grey_H02937_01_standard.jpg","The ZX series entered the scene in the '80s and took hold of running culture with its groundbreaking approach to speed. These adidas ZX 1K Boost Shoes might not be about performance anymore, but that doesn't mean they're slowing down. Forever forward focused, the progressive silhouette doubles up on comfort with a plush Boost and EVA midsole combo. The mesh upper is accented with synthetic overlays. This product is made with recycled content as part of our ambition to end plastic waste. 20% of pieces used to make the upper are made with minimum 50% recycled content."
"ZX 1K Boost Shoes","SHOE-00035","70.0","50","adidas,pink,shoes,women","https://assets.adidas.com/images/w_600,f_auto,q_auto/afdfe6c12c7d4031a632ad1e009db4f7_9366/ZX_1K_Boost_Shoes_Pink_H02936_01_standard.jpg","The ZX series entered the scene in the '80s and took hold of running culture with its groundbreaking approach to speed. These adidas ZX 1K Boost Shoes might not be about performance anymore, but that doesn't mean they're slowing down. Forever forward focused, the progressive silhouette doubles up on comfort with a plush Boost and EVA midsole combo. The mesh upper is accented with synthetic overlays. This product is made with recycled content as part of our ambition to end plastic waste. 20% of pieces used to make the upper are made with minimum 50% recycled content."
"Grand Court Shoes","SHOE-00036","52.0","50","adidas,men,shoes,white","https://assets.adidas.com/images/w_600,f_auto,q_auto/c8da54886b0a49aa90eaad1e009ca28e_9366/Grand_Court_Shoes_White_H02554_01_standard.jpg","Tennis shoe style reached a pinnacle in the 1970s and has never looked back. Bring some heritage vibes to your daily-wear wardrobe with these adidas shoes. Coated leather is durable with a premium finish. The rubber outsole completes the throwback look. Star Wars™ graphics add a unique touch."
"Marathon 20 Shorts","APP-00038","21.0","50","adidas,black,clothing,women","https://assets.adidas.com/images/w_600,f_auto,q_auto/f64ab8b501c644ca8069ac71011d23e2_9366/Marathon_20_Shorts_Black_GK5265_21_model.jpg","Meet the workhorse of workout wear. Soft and breathable, these adidas running shorts are sporty and super comfortable. AEROREADY helps keep moisture off your skin and your mind on your run. Now you're ready for anything."
"ZX 1K Boost Shoes","SHOE-00037","70.0","50","adidas,shoes,white,women","https://assets.adidas.com/images/w_600,f_auto,q_auto/ac1b803b844c46019ae8ad1e00dc7bf2_9366/ZX_1K_Boost_Shoes_White_GZ9173_01_standard.jpg","The ZX series entered the scene in the '80s and took hold of running culture with its groundbreaking approach to speed. These adidas ZX 1K Boost Shoes might not be about performance anymore, but that doesn't mean they're slowing down. Forever forward focused, the progressive silhouette doubles up on comfort with a plush Boost and EVA midsole combo. The mesh upper is accented with synthetic overlays. This product is made with recycled content as part of our ambition to end plastic waste. 20% of pieces used to make the upper are made with minimum 50% recycled content."
"Multix Shoes","SHOE-00038","56.0","50","adidas,shoes,white,women","https://assets.adidas.com/images/w_600,f_auto,q_auto/6a8b16fb56e94a21bea4acf4009ab41b_9366/Multix_Shoes_White_H04498_01_standard.jpg","They say the morning sets the tone for the day. So why not start it off with a win and lace into these adidas Multix Shoes? They're straight from the track, so they know about a fast pace, comfort and the push to the finish line. (Yes, we're getting metaphorical here.) This product is made with recycled content as part of our ambition to end plastic waste. 20% of pieces used to make the upper are made with minimum 50% recycled content."
"X9000L3 Shoes","SHOE-00039","96.0","50","adidas,shoes,white,women","https://assets.adidas.com/images/w_600,f_auto,q_auto/2f14420dcc7a451aa2aaacb800f52686_9366/X9000L3_Shoes_White_S23688_01_standard.jpg","Your avatar might wear futuristic shoes like these, but you can wear them in real life. Made for short to mid-distance runs, these adidas running shoes have a sculpted Jetboost midsole that returns energy and adds stability. This product is made with Primegreen, a series of high-performance recycled materials. 50% of the upper is recycled content."
"Marathon 20 Shorts","APP-00039","27.0","50","adidas,clothing,red,women","https://assets.adidas.com/images/w_600,f_auto,q_auto/b631eafb381f488aae95acfc014bed8a_9366/Marathon_20_Shorts_Red_H31065_21_model.jpg","Meet the workhorse of workout wear. Soft and breathable, these adidas running shorts are sporty and super comfortable. AEROREADY helps keep moisture off your skin and your mind on your run. Now you're ready for anything."
"Multix Shoes","SHOE-00040","56.0","50","adidas,shoes,women,yellow","https://assets.adidas.com/images/w_600,f_auto,q_auto/f17f8b11e537477e9edaad1e009fbe90_9366/Multix_Shoes_Yellow_H02975_01_standard.jpg","They say the morning sets the tone for the day. So why not start it off with a win and lace into these adidas Multix Shoes? They're straight from the track, so they know about a fast pace, comfort and the push to the finish line. (Yes, we're getting metaphorical here.) This product is made with recycled content as part of our ambition to end plastic waste. 20% of pieces used to make the upper are made with minimum 50% recycled content."
"LOUNGEWEAR Adicolor Essentials Tee","APP-00040","20.0","50","adidas,clothing,green,women","https://assets.adidas.com/images/w_600,f_auto,q_auto/3bf235d29bc44a6ab9ebad0b0082a6f1_9366/LOUNGEWEAR_Adicolor_Essentials_Tee_Green_H06648_21_model.jpg","The limits of this adidas t-shirt are essentially non-existent. Which is perfect, since boundaries aren't really your thing. The loose shape lets you keep things casual should you choose, but the solid color means it's total playtime whenever you want to clash it with some in-your-face prints. Balance, you know? Our cotton products support sustainable cotton farming. This is part of our ambition to end plastic waste."
"Ultralight Allover Graphic Crew Performance Socks","ACC-00006","13.0","50","accessories,adidas,training,white","https://assets.adidas.com/images/w_600,f_auto,q_auto/d7b0e003256d43b1ab8fac6101279501_9366/Ultralight_Allover_Graphic_Crew_Performance_Socks_White_GH7532_03_standard.jpg","Not all socks are created equal. These adidas crew socks are built for tough training sessions. Sleek and lightweight, they hug your foot like a second skin. AEROREADY wicks moisture, so you stay dry from first rep to last. This product is made with Primegreen, a series of high-performance recycled materials."
"Ultimate365 Core 8.5-Inch Shorts","APP-00041","46.0","50","adidas,clothing,men,yellow","https://assets.adidas.com/images/w_600,f_auto,q_auto/3ca30b6811a04ed79ab2ac3d006fe26e_9366/Ultimate365_Core_8.5-Inch_Shorts_Yellow_GM0307_21_model.jpg","Pull on these adidas golf shorts to keep your cool through warm weather rounds. Their lightweight, breathable fabric delivers dependable comfort on the links. A water-resistant coating sheds damp weather with ease."
"Adicolor Classics 3-Stripes Crew Sweatshirt","APP-00042","48.0","50","adidas,blue,clothing,men","https://assets.adidas.com/images/w_600,f_auto,q_auto/da14aab0ddda4e0eb931ad1201495d8d_9366/Adicolor_Classics_3-Stripes_Crew_Sweatshirt_Blue_H06672_21_model.jpg","The temperature dropped, but that doesn't mean your style has to dip too. Thanks to the heavyweight French terry build and iconic 3-Stripes, this adidas sweatshirt keeps you feeling cozy and looking fresh at the same time. Our cotton products support sustainable cotton farming. This product is also made with recycled content as part of our ambition to end plastic waste."
"AEROREADY Designed 2 Move Sport Stretch Tee","APP-00043","20.0","50","adidas,clothing,green,men","https://assets.adidas.com/images/w_600,f_auto,q_auto/6fcce9433b20404c85c4ad1a009711d5_9366/AEROREADY_Designed_2_Move_Sport_Stretch_Tee_Green_H13911_21_model.jpg","When it comes to versatility, nothing holds a candle to your favorite t-shirt. Move through your busy day feeling comfortable and ready for anything in the laid-back style of this adidas tee. This product is made with Primegreen, a series of high-performance recycled materials."
"4ATHLTS ID Duffel Bag Small","ACC-00007","28.0","50","accessories,adidas,black,training","https://assets.adidas.com/images/w_600,f_auto,q_auto/5a5ad7e7707b4517b3e0ac81010aab5e_9366/4ATHLTS_ID_Duffel_Bag_Small_Black_GL0880_01_standard.jpg","Sneak in a jog on your way to the gym with this adidas lightweight duffel bag on your back. The adjustable carry straps let you wear it two ways. When you're headed out for a weekend jaunt, switch it up again and get ready for adventure. This product is made with Primegreen, a series of high-performance recycled materials."
"LOUNGEWEAR Essentials Logo Fleece Hoodie","APP-00044","40.0","50","adidas,blue,clothing,women","https://assets.adidas.com/images/w_600,f_auto,q_auto/35e93d24006d42f28226ad7f0104fef7_9366/LOUNGEWEAR_Essentials_Logo_Fleece_Hoodie_Blue_H07890_21_model.jpg","The nice thing about a hoodie is being able to mix and match it with everything. This one from adidas is cut from a soft fleece fabric that's cozy enough to wear every day. Pair it with jeans, or keep it mellow and match it with sweats. You can't go wrong. Our cotton products support sustainable cotton farming. This is part of our ambition to end plastic waste."
"Running Ultralight Crew Performance Socks","ACC-00008","12.0","50","accessories,adidas,green,training","https://assets.adidas.com/images/w_600,f_auto,q_auto/e0862e7c81624230abd2ad1201158085_9366/Running_Ultralight_Crew_Performance_Socks_Green_GU6982_03_standard.jpg","Mile after mile, these adidas running socks stay in place and keep you dry. AEROREADY is thin for a sleek feel. It hugs your foot securely like a second skin. This product is made with Primegreen, a series of high-performance recycled materials."
"Running Ultralight Crew Performance Socks","ACC-00009","13.0","50","accessories,adidas,training,white","https://assets.adidas.com/images/w_600,f_auto,q_auto/5207af072f6f48c39c43ac63013187a4_9366/Running_Ultralight_Crew_Performance_Socks_White_GI7670_03_standard.jpg","Mile after mile, these adidas running socks stay in place and keep you dry. AEROREADY is thin for a sleek feel. It hugs your foot securely like a second skin. This product is made with Primegreen, a series of high-performance recycled materials."
"Finale 21 20th Anniversary UCL Mini Ball","ACC-00010","10.0","50","accessories,adidas,men,white","https://assets.adidas.com/images/w_600,f_auto,q_auto/7ba1c42241e14d14a242ac8a012ae110_9366/Finale_21_20th_Anniversary_UCL_Mini_Ball_White_GK3479_01_standard.jpg","Celebrate two decades of star-studded soccer with this adidas Finale 21 Mini Ball. It's decorated with panel designs from every UCL Finale ball since it made its debut in Europe's top tournament. The seamless laminated surface and foam core mean you can show off your sparkling skills without stopping to pump it up."
"HER Studio London Track Jacket","APP-00045","64.0","50","adidas,clothing,multicolor,women","https://assets.adidas.com/images/w_600,f_auto,q_auto/bc6aa063ddd84c209855ac750115cf95_9366/HER_Studio_London_Track_Jacket_Multicolor_GN3533_21_model.jpg","When HER Studio London is involved, you know that means bold colors and wild prints. So no surprise that this adidas track jacket stands out wherever you are. Part of our ongoing collaboration with the powerhouse studio behind some of the most expressive patterns around, this jacket is an update of the classic silhouette. Signature details pop against the loud floral print, rooting the look in adidas DNA."
"Warp knit Cargo Pants","APP-00046","77.0","50","adidas,blue,clothing,men","https://assets.adidas.com/images/w_600,f_auto,q_auto/dc049abd2b67483fa414ac2401354f4d_9366/Warp_knit_Cargo_Pants_Blue_GM3494_21_model.jpg","Work on your swing at the driving range or play a round. These adidas golf pants have a flexible warp knit fabric for enhanced breathability and an unrestricted range of motion on the course. A modern, tapered cut adds to their casual feel. Use the zip cargo pocket for your scorecard or tees. This product is made with Primegreen, a series of high-performance recycled materials."
"Essentials 3-Stripes Cropped Hoodie","APP-00047","36.0","50","adidas,clothing,purple,women","https://assets.adidas.com/images/w_600,f_auto,q_auto/4e3f673bb6af4c178b34ad1f010269ea_9366/Essentials_3-Stripes_Cropped_Hoodie_Purple_H10149_21_model.jpg","Who said hoodies had to have that XXL vibe? This cropped take on the always-cozy pullover hoodie is proof that the relaxed fit does just fine without all that extra bulk. Iconic 3-Stripes down both arms and the adidas Badge of Sport give your look instant streetwear cred. This product is made with recycled content as part of our ambition to end plastic waste."
"Marathon Running Jacket (Plus Size)","APP-00048","80.0","50","adidas,black,clothing,women","https://assets.adidas.com/images/w_600,f_auto,q_auto/6c345b79ec474b789ffaad0c004bc738_9366/Marathon_Running_Jacket_(Plus_Size)_Black_H29918_21_model.jpg","Prepare yourself for the long run. And the wet and windy ones, too. Zip into the light, breathable protection of this adidas running jacket made with recycled materials. You'll feel dry and serene, even if the weather isn't. This product is made with Primeblue, a high-performance recycled material made in part with Parley Ocean Plastic."
"SAMBAROSE Shoes","SHOE-00041","60.0","50","adidas,pink,shoes,women","https://assets.adidas.com/images/w_600,f_auto,q_auto/e306d7e4221a4bf58e97accd00c43f0f_9366/SAMBAROSE_Shoes_Pink_GX2893_01_standard.jpg","These adidas SAMBAROSE Shoes take the Samba's classic soccer look and raises it to new heights. A platform sole puts a trendy spin on this sporty silhouette. A tie-dyed upper gives them a colorful, eye-catching look. This product is made with Primegreen, a series of high-performance recycled materials. 50% of the upper is recycled content. No virgin polyester."
"SAMBAROSE Shoes","SHOE-00042","60.0","50","adidas,pink,shoes,women","https://assets.adidas.com/images/w_600,f_auto,q_auto/3d234814144241879822accd00c47c67_9366/SAMBAROSE_Shoes_Pink_GX2894_01_standard.jpg","These adidas SAMBAROSE Shoes take the Samba's classic soccer look and raises it to new heights. A platform sole puts a trendy spin on this sporty silhouette. A tie-dyed upper gives them a colorful, eye-catching look. This product is made with Primegreen, a series of high-performance recycled materials. 50% of the upper is recycled content. No virgin polyester."
"AEROREADY Designed 2 Move Sport Tee","APP-00049","18.0","50","adidas,clothing,white,women","https://assets.adidas.com/images/w_600,f_auto,q_auto/46f4e84cb90c42438f0fad11013fb44a_9366/AEROREADY_Designed_2_Move_Sport_Tee_White_GS8797_21_model.jpg","This adidas training tee has a simple design that you can wear as you get in those miles on the elliptical then head out to grab groceries. A long hem in the back gives extra coverage, whether you're doing a set of squats or just loading bags in and out of the car. Lightweight AEROREADY absorbs moisture and gives an overall comfy feel. This product is made with Primegreen, a series of high-performance recycled materials. It's also made with recycled content as part of our ambition to end plastic waste."
"Designed 2 Move 7/8 Sport Tights (Maternity)","APP-00050","36.0","50","adidas,blue,clothing,women","https://assets.adidas.com/images/w_600,f_auto,q_auto/0327dfb79e0b4c2f99a6ad1101412c4e_9366/Designed_2_Move_7-8_Sport_Tights_(Maternity)_Blue_GT0140_21_model.jpg","These adidas maternity sport tights balance support with lightweight comfort. A high-rise elastic waist and specially designed maternity fit give you the confidence to move through your workout, whether it's a neighborhood jog, yoga class or circuit at the gym. Classic, minimalist adidas style is clean and crisp, and AEROREADY keeps you dry. This product is made with Primegreen, a series of high-performance recycled materials."
"Adilette Comfort Slides","SHOE-00043","28.0","50","adidas,gold,shoes,women","https://assets.adidas.com/images/w_600,f_auto,q_auto/448249c101ab4de9aa34acee00d4e863_9366/Adilette_Comfort_Slides_Gold_GV9740_01_standard.jpg","Some things stay the same. These adidas swim slides have been pampering athletes' feet since the '70s. The casual slip-on design is for quick trips between the pool and shower."
"Adilette Comfort Slides","SHOE-00044","28.0","50","adidas,shoes,white,women","https://assets.adidas.com/images/w_600,f_auto,q_auto/75b01fddb7eb4969bb99ad1800c3641f_9366/Adilette_Comfort_Slides_White_GV9738_02_standard_hover.jpg","Rejuvenate tired feet in these women's slides. The lightweight slides have a Cloudfoam Plus contoured footbed that delivers plush cushioning with every step. The classic design features a bandage upper with contrast 3-Stripes."
"Essentials Mélange Embroidered Small Logo Hoodie","APP-00051","39.0","50","adidas,clothing,green,men","https://assets.adidas.com/images/w_600,f_auto,q_auto/949f104626ae4c939506ad1a00904d14_9366/Essentials_Melange_Embroidered_Small_Logo_Hoodie_Green_H12197_21_model.jpg","Toss on this adidas sweatshirt for a cozy layer in cool weather. Pop the hood to cover up a case of bed head, then adjust the drawcord to get just the right fit. French terry brings the comfort for long days or some chill time at home. This product is made with recycled content as part of our ambition to end plastic waste. Our cotton products support sustainable cotton farming."
"Adilette Comfort Slides","SHOE-00045","28.0","50","adidas,purple,shoes,women","https://assets.adidas.com/images/w_600,f_auto,q_auto/792cc8c7b51a43269604ad1800c52c0a_9366/Adilette_Comfort_Slides_Purple_GZ2915_01_standard.jpg","From yoga on the beach directly to brunch? We've got you covered. You'll move with easy freedom all summer in these comfortable slip-ons. These adidas slides feature a playful floral print, giving you a kick of extra energy and style wherever you go."
"adidas Sportswear Future Icons Logo Graphic Pants","APP-00052","44.0","50","adidas,blue,clothing,men","https://assets.adidas.com/images/w_600,f_auto,q_auto/4518bdaccf3d46f8bb0dad2300260166_9366/adidas_Sportswear_Future_Icons_Logo_Graphic_Pants_Blue_H39799_21_model.jpg","Workout done. Endorphins pumping. No need to slow the vibe down, just throw on these adidas pants and keep it flowing. They're all about feeling good, as evident from the soft French terry fabric that settles you right into total, absolute comfort. Which is well deserved, we might add. Recycled materials go ahead and up the game. Because with these pants, they go beyond feeling good. They do good, too."
"LOUNGEWEAR Essentials Logo Tee","APP-00053","20.0","50","adidas,clothing,white,women","https://assets.adidas.com/images/w_600,f_auto,q_auto/3716ab6cca1e4c7ea55bac380111619a_9366/LOUNGEWEAR_Essentials_Logo_Tee_White_GL0649_21_model.jpg","The classic design on this heavyweight t-shirt makes it super easy to mix and match. Go sporty with a pair of track pants, or throw it on with jeans for a day out shopping. An oversize adidas Badge of Sport across the chest makes it clear you're a sports lover. Our cotton products support sustainable cotton farming. This is part of our ambition to end plastic waste."
"Classic 3-Stripes Swim Shorts","APP-00054","32.0","50","adidas,black,clothing,men","https://assets.adidas.com/images/w_600,f_auto,q_auto/04b36b2f4eb14177a1a3ac8401604bc7_9366/Classic_3-Stripes_Swim_Shorts_Black_GQ1095_21_model.jpg","Surfing, paddleboarding or just floating on a raft. Whatever you do in the water, these adidas swim shorts keep you comfortable. They have a very short length and inner briefs for full coverage. Lightweight, quick-drying fabric lets you transition easily from sea to land. Made with a series of recycled materials, and at least 60% recycled content, this product represents just one of our solutions to help end plastic waste."
"Designed 2 Move 7/8 Sport Tights (Maternity)","APP-00055","36.0","50","adidas,black,clothing,women","https://assets.adidas.com/images/w_600,f_auto,q_auto/1b720bf8812e4920adc1ac83003a8d87_9366/Designed_2_Move_7-8_Sport_Tights_(Maternity)_Black_GL3961_21_model.jpg","These adidas maternity sport tights balance support with lightweight comfort. A high-rise elastic waist and specially designed maternity fit give you the confidence to move through your workout, whether it's a neighborhood jog, yoga class or circuit at the gym. Classic, minimalist adidas style is clean and crisp, and AEROREADY keeps you dry. This product is made with Primegreen, a series of high-performance recycled materials."
"adidas Sportswear Future Icons 3-Stripes Tee","APP-00056","24.0","50","adidas,clothing,grey,men","https://assets.adidas.com/images/w_600,f_auto,q_auto/a737240ab8e34bfbbf01acf50153bf39_9366/adidas_Sportswear_Future_Icons_3-Stripes_Tee_Grey_H39784_21_model.jpg","It doesn't matter where you are. Your mind is always in the same place. Your dedication to sport is obvious, but this adidas t-shirt makes it even more clear with a flash of diagonal 3-Stripes across the sleeves. Whether you're in game-plan mode, celebrating after practice or just in total reset mode — the soft cotton material makes sure you stay comfortable."
"LOUNGEWEAR Tights","APP-00057","28.0","50","adidas,clothing,purple,women","https://assets.adidas.com/images/w_600,f_auto,q_auto/5c4796d4b4924195a6e6aca700f3ffa1_9366/LOUNGEWEAR_Tights_Purple_GN8269_21_model.jpg","Is there anything more versatile than leggings? They can easily go the sporty route, keeping things casual and comfortable. Thank the soft cotton here for that. (And the added stretch, that makes sure that however you're moving, or not moving, you feel good.) Plus all it takes is shrugging on a blazer and we're talking mellow sophistication. The high-rise waist isn't just about coverage, though it offers plenty of that, but it also adds an on point look perfect for crop tops or an oversize tee tuck. Basically, these adidas tights are all about ease."
"adidas Sportswear W.N.D. Windbreaker","APP-00058","68.0","50","adidas,clothing,pink,women","https://assets.adidas.com/images/w_600,f_auto,q_auto/8c0dda1a099c4f3da99cad250023e7b3_9366/adidas_Sportswear_W.N.D._Windbreaker_Pink_H40972_21_model.jpg","Sometimes one day can feel like a trip across three seasons. This adidas windbreaker is a versatile piece for the transitional months. It's built for commuters, with a design you can pack away into a pouch that snaps around your waist. The lightweight fabric has a loose cut, so it's easy to layer. This product is made with Primegreen, a series of high-performance recycled materials."
"Classic 3-Stripes Swim Shorts","APP-00059","28.0","50","adidas,clothing,men,pink","https://assets.adidas.com/images/w_600,f_auto,q_auto/ff966f43e18a4b8ba1f3ad3a0110e753_9366/Classic_3-Stripes_Swim_Shorts_Pink_GU0325_21_model.jpg","Surfing, paddleboarding or just floating on a raft. Whatever you do in the water, these adidas swim shorts keep you comfortable. They have a very short length and inner briefs for full coverage. Lightweight, quick-drying fabric lets you transition easily from sea to land. Made with a series of recycled materials, and at least 60% recycled content, this product represents just one of our solutions to help end plastic waste."
"adidas Sportswear Future Icons Logo Graphic Tee","APP-00060","24.0","50","adidas,clothing,green,men","https://assets.adidas.com/images/w_600,f_auto,q_auto/95be9ecf48b145b2a95dacf501533291_9366/adidas_Sportswear_Future_Icons_Logo_Graphic_Tee_Green_H39751_21_model.jpg","There are times to go hard, and then there are moments to give into the stillness. Both are a showcase of strength. Whatever the speed, this adidas t-shirt is down for it. Soft material hangs on the body with a loose, casual shape for total comfort. A logo graphic on the front puts your dedication on full display — not like it wasn't already clear."
"adidas Sportswear Future Icons Logo Graphic Tee","APP-00061","21.0","50","adidas,clothing,grey,men","https://assets.adidas.com/images/w_600,f_auto,q_auto/2693968b8c034873bafaad22012f0305_9366/adidas_Sportswear_Future_Icons_Logo_Graphic_Tee_Grey_HA7682_21_model.jpg","There are times to go hard, and then there are moments to give into the stillness. Both are a showcase of strength. Whatever the speed, this adidas t-shirt is down for it. Soft material hangs on the body with a loose, casual shape for total comfort. A logo graphic on the front puts your dedication on full display — not like it wasn't already clear."
"adidas Sportswear Future Icons 3-Stripes Hoodie","APP-00062","46.0","50","adidas,blue,clothing,men","https://assets.adidas.com/images/w_600,f_auto,q_auto/44bdd9ccf429473bb25eacfa013ff809_9366/adidas_Sportswear_Future_Icons_3-Stripes_Hoodie_Blue_H39778_21_model.jpg","Where your physical body is may change, but where your head is at is consistent. Lounging. Recovering. Prepping. Being. Moving. This adidas hoodie shows off your commitment to the game. Contrast 3-Stripes wrap around from the shoulders, flashing a pop of the iconic sign-off down the sleeves. Super soft, the cozy doubleknit material makes sure you feel good whatever you're doing."
"AEROREADY Warrior Tee","APP-00063","32.0","50","adidas,clothing,men,red","https://assets.adidas.com/images/w_600,f_auto,q_auto/6d4fabf5e0c64bf9a8ccad08015bbc44_9366/AEROREADY_Warrior_Tee_Red_H33318_21_model.jpg","Stand amped up and ready in the first row at boot camp in this adidas t-shirt. The slim fit hugs your body when you go down for push-ups and explode back up for squat jacks. AEROREADY keeps you dry so you have stamina to spare when your instructor picks up the pace."
"adidas Sportswear Future Icons Logo Graphic Tee","APP-00064","24.0","50","adidas,blue,clothing,men","https://assets.adidas.com/images/w_600,f_auto,q_auto/3367746c3e3348dfb57cacf5015376bf_9366/adidas_Sportswear_Future_Icons_Logo_Graphic_Tee_Blue_H39752_21_model.jpg","There are times to go hard, and then there are moments to give into the stillness. Both are a showcase of strength. Whatever the speed, this adidas t-shirt is down for it. Soft material hangs on the body with a loose, casual shape for total comfort. A logo graphic on the front puts your dedication on full display — not like it wasn't already clear."
"adidas Sportswear Future Icons Logo Graphic Pants","APP-00065","44.0","50","adidas,black,clothing,men","https://assets.adidas.com/images/w_600,f_auto,q_auto/7333d0b1fef348c9a5c7ad22011d3abd_9366/adidas_Sportswear_Future_Icons_Logo_Graphic_Pants_Black_H39796_21_model.jpg","Workout done. Endorphins pumping. No need to slow the vibe down, just throw on these adidas pants and keep it flowing. They're all about feeling good, as evident from the soft French terry fabric that settles you right into total, absolute comfort. Which is well deserved, we might add. Recycled materials go ahead and up the game. Because with these pants, they go beyond feeling good. They do good, too."
"adidas Sportswear Future Icons 3-Stripes Hoodie","APP-00066","52.0","50","adidas,black,clothing,men","https://assets.adidas.com/images/w_600,f_auto,q_auto/7d5d9d68615840c8ab64acfa01154205_9366/adidas_Sportswear_Future_Icons_3-Stripes_Hoodie_Black_GR4086_21_model.jpg","Where your physical body is may change, but where your head is at is consistent. Lounging. Recovering. Prepping. Being. Moving. This adidas hoodie shows off your commitment to the game. Contrast 3-Stripes wrap around from the shoulders, flashing a pop of the iconic sign-off down the sleeves. Super soft, the cozy doubleknit material makes sure you feel good whatever you're doing."
"AEROREADY Warrior Tee","APP-00067","32.0","50","adidas,blue,clothing,men","https://assets.adidas.com/images/w_600,f_auto,q_auto/8435671adc87432ea032ad0801520faa_9366/AEROREADY_Warrior_Tee_Blue_H33317_21_model.jpg","Stand amped up and ready in the first row at boot camp in this adidas t-shirt. The slim fit hugs your body when you go down for push-ups and explode back up for squat jacks. AEROREADY keeps you dry so you have stamina to spare when your instructor picks up the pace."
"Adilette Comfort Slides","SHOE-00046","28.0","50","adidas,black,shoes,women","https://assets.adidas.com/images/w_600,f_auto,q_auto/679e80dd1bba40df82b5acee00d555cb_9366/Adilette_Comfort_Slides_Black_GZ2916_01_standard.jpg","From yoga on the beach directly to brunch? We've got you covered. You'll move with easy freedom all summer in these comfortable slip-ons. These adidas slides feature a playful floral print, giving you a kick of extra energy and style wherever you go."
"adidas Sportswear Future Icons 3-Stripes Pants","APP-00068","44.0","50","adidas,blue,clothing,men","https://assets.adidas.com/images/w_600,f_auto,q_auto/6128eda60c124f1badbfacfa0140453e_9366/adidas_Sportswear_Future_Icons_3-Stripes_Pants_Blue_H39779_21_model.jpg","Where your physical body is may change, but where your head is at is consistent. Lounging. Recovering. Prepping. Being. Moving. These adidas pants show off your commitment to the game. Contrast 3-Stripes wrap slightly from the hip, flashing just a slight pop of the iconic sign-off from the front. Super soft, the cotton blend material makes sure you feel good whatever you're doing."
"adidas Sportswear Future Icons 3-Stripes Shorts","APP-00069","32.0","50","adidas,black,clothing,men","https://assets.adidas.com/images/w_600,f_auto,q_auto/2e22c914158a461d92f3acfa014eef05_9366/adidas_Sportswear_Future_Icons_3-Stripes_Shorts_Black_GR4097_21_model.jpg","Where your physical body is may change, but where your head is at is consistent. Lounging. Recovering. Prepping. Being. Moving. These adidas shorts show off your commitment to the game. Contrast 3-Stripes wrap slightly from the hip, flashing just a slight pop of the iconic sign-off from the front. Super soft, the cotton blend material makes sure you feel good whatever you're doing."
"adidas Sportswear Future Icons 3-Stripes Tee","APP-00070","24.0","50","adidas,blue,clothing,men","https://assets.adidas.com/images/w_600,f_auto,q_auto/27acccee957e45c09718acfb01568996_9366/adidas_Sportswear_Future_Icons_3-Stripes_Tee_Blue_H39793_21_model.jpg","It doesn't matter where you are. Your mind is always in the same place. Your dedication to sport is obvious, but this adidas t-shirt makes it even more clear with a flash of diagonal 3-Stripes across the sleeves. Whether you're in game-plan mode, celebrating after practice or just in total reset mode — the soft cotton material makes sure you stay comfortable."
"Classic 3-Stripes Swim Shorts","APP-00071","28.0","50","adidas,clothing,gold,men","https://assets.adidas.com/images/w_600,f_auto,q_auto/eb2a11b304bf444dbd6cada600efe245_9366/Classic_3-Stripes_Swim_Shorts_Gold_GU0324_21_model.jpg","Surfing, paddleboarding or just floating on a raft. Whatever you do in the water, these adidas swim shorts keep you comfortable. They have a very short length and inner briefs for full coverage. Lightweight, quick-drying fabric lets you transition easily from sea to land. Made with a series of recycled materials, and at least 60% recycled content, this product represents just one of our solutions to help end plastic waste."
"adidas Sportswear Future Icons Logo Graphic Hoodie","APP-00072","48.0","50","adidas,blue,clothing,men","https://assets.adidas.com/images/w_600,f_auto,q_auto/477d3cde43464f24826ead0f00f884dc_9366/adidas_Sportswear_Future_Icons_Logo_Graphic_Hoodie_Blue_GR4106_21_model.jpg","Workout? Check. Endorphins flowing? Strong. Don't mess with the vibe you've just created. Keep it going with this adidas hoodie. Soft French terry fabric serves up that well-deserved comfort and helps you settle in and really enjoy that post-workout bliss. Recycled materials go ahead and up the game. Because with this sweatshirt, it goes beyond feeling good. It does good, too."
"Adilette Comfort Slides","SHOE-00047","28.0","50","adidas,pink,shoes,women","https://assets.adidas.com/images/w_600,f_auto,q_auto/6a6c80e7baf542fe8fefad1300ac46bf_9366/Adilette_Comfort_Slides_Pink_GV9739_01_standard.jpg","Rejuvenate tired feet in these women's slides. The lightweight slides have a Cloudfoam Plus contoured footbed that delivers plush cushioning with every step. The classic design features a bandage upper with contrast 3-Stripes."
"Adilette Comfort Slides","SHOE-00048","28.0","50","adidas,black,shoes,women","https://assets.adidas.com/images/w_600,f_auto,q_auto/ddfc0fb941e8414bbbfaacee00d51eeb_9366/Adilette_Comfort_Slides_Black_GZ2914_01_standard.jpg","From yoga on the beach directly to brunch? We've got you covered. You'll move with easy freedom all summer in these comfortable slip-ons. These adidas slides feature a playful floral print, giving you a kick of extra energy and style wherever you go."
"adidas Sportswear Future Icons 3-Stripes Shorts","APP-00073","28.0","50","adidas,blue,clothing,men","https://assets.adidas.com/images/w_600,f_auto,q_auto/0a775594ddf04acfa13bacfb01563323_9366/adidas_Sportswear_Future_Icons_3-Stripes_Shorts_Blue_H39790_21_model.jpg","Where your physical body is may change, but where your head is at is consistent. Lounging. Recovering. Prepping. Being. Moving. These adidas shorts show off your commitment to the game. Contrast 3-Stripes wrap slightly from the hip, flashing just a slight pop of the iconic sign-off from the front. Super soft, the cotton blend material makes sure you feel good whatever you're doing."
"adidas Sportswear Future Icons Logo Graphic Tee","APP-00074","24.0","50","adidas,burgundy,clothing,men","https://assets.adidas.com/images/w_600,f_auto,q_auto/2e40c479b9274542aa62ad2300221e0a_9366/adidas_Sportswear_Future_Icons_Logo_Graphic_Tee_Burgundy_H39749_21_model.jpg","There are times to go hard, and then there are moments to give into the stillness. Both are a showcase of strength. Whatever the speed, this adidas t-shirt is down for it. Soft material hangs on the body with a loose, casual shape for total comfort. A logo graphic on the front puts your dedication on full display — not like it wasn't already clear."
"Hamburg Shoes","SHOE-00049","56.0","50","adidas,black,kids,shoes","https://assets.adidas.com/images/w_600,f_auto,q_auto/3d661af6bf1e4e9cba0ead2f008a8216_9366/Hamburg_Shoes_Black_H06605_01_standard.jpg","Back in '82, the adidas Hamburg set the standard for training shoes. Today, the timeless look does the same for everyday comfort. The versatile design of this juniors' version stays true to the original with a low-profile, serrated 3-Stripes and a premium leather upper. Contrast colors make sure they stand out. This product is made with recycled content as part of our ambition to end plastic waste. 20% of pieces used to make the upper are made with minimum 50% recycled content."
"adidas Sportswear Future Icons Logo Graphic Hoodie","APP-00075","42.0","50","adidas,clothing,green,men","https://assets.adidas.com/images/w_600,f_auto,q_auto/ff609898af2e4bc09843ad0b0081ba4e_9366/adidas_Sportswear_Future_Icons_Logo_Graphic_Hoodie_Green_GU8969_21_model.jpg","Workout? Check. Endorphins flowing? Strong. Don't mess with the vibe you've just created. Keep it going with this adidas hoodie. Soft French terry fabric serves up that well-deserved comfort and helps you settle in and really enjoy that post-workout bliss. Recycled materials go ahead and up the game. Because with this sweatshirt, it goes beyond feeling good. It does good, too."
"adidas Sportswear Future Icons 3-Stripes Hoodie","APP-00076","46.0","50","adidas,blue,clothing,men","https://assets.adidas.com/images/w_600,f_auto,q_auto/c2d491418d714c98bdedad2700972040_9366/adidas_Sportswear_Future_Icons_3-Stripes_Hoodie_Blue_H39781_21_model.jpg","Where your physical body is may change, but where your head is at is consistent. Lounging. Recovering. Prepping. Being. Moving. This adidas hoodie shows off your commitment to the game. Contrast 3-Stripes wrap around from the shoulders, flashing a pop of the iconic sign-off down the sleeves. Super soft, the cozy doubleknit material makes sure you feel good whatever you're doing."
"Ultraboost Slip-On DNA Shoes","SHOE-00050","108.0","50","adidas,shoes,white,women","https://assets.adidas.com/images/w_600,f_auto,q_auto/eff39cd2b8094fedaaddac7900d44420_9366/Ultraboost_Slip-On_DNA_Shoes_White_H02815_01_standard.jpg","Swift, light and even more effortless than before. These adidas Ultraboost running shoes have a slip-on design that gets you out the door fast and a soft upper that adapts to your foot for a barely-there feel. The Boost midsole returns energy endlessly as you rack up the miles and a flexible sole keeps your stride smooth over blacktop, dirt and slick surfaces. Whatever the distance, whatever the destination, enjoy the ride. This product is made with Primeblue, a high-performance recycled material made in part with Parley Ocean Plastic. 50% of the upper is textile, 75% of the textile is Primeblue yarn. No virgin polyester."
"Bryony Shoes","SHOE-00051","64.0","50","adidas,shoes,white,women","https://assets.adidas.com/images/w_600,f_auto,q_auto/de0de1dd06914357b7c8ad0800dbe5ab_9366/Bryony_Shoes_White_H04641_01_standard.jpg","Sleek, simple and full of slam dunk energy. Step out in these adidas shoes and stride smoothly in fresh style that got its start on the B-ball court. Whether you've got an impossible to-do list or a carefree weekend ahead of you, the women's specific fit ensures comfort at every step. This product is made with Primegreen, a series of high-performance recycled materials. 50% of upper is recycled content. No virgin polyester."
"Racer TR21 Shoes","SHOE-00052","60.0","50","adidas,grey,men,shoes","https://assets.adidas.com/images/w_600,f_auto,q_auto/fe4fad3feb6f4267bb16ad1d017ecf07_9366/Racer_TR21_Shoes_Grey_GZ8185_01_standard.jpg","Bring the comfort and athletic style of running footwear to your everyday look in these adidas shoes. Step through your day confidently with a snug fit and a lightweight midsole that cushions your feet with every step. This product is made with Primegreen, a series of high-performance recycled materials. 50% of the upper is recycled content. No virgin polyester."
"Racer TR21 Shoes","SHOE-00053","60.0","50","adidas,black,men,shoes","https://assets.adidas.com/images/w_600,f_auto,q_auto/4cb7f45b21a64881a2ccad1d017daec3_9366/Racer_TR21_Shoes_Black_GZ8184_01_standard.jpg","Bring the comfort and athletic style of running footwear to your everyday look in these adidas shoes. Step through your day confidently with a snug fit and a lightweight midsole that cushions your feet with every step. This product is made with Primegreen, a series of high-performance recycled materials. 50% of the upper is recycled content. No virgin polyester."
"ZX 2K Boost Shoes","SHOE-00054","84.0","50","adidas,black,kids,shoes","https://assets.adidas.com/images/w_600,f_auto,q_auto/0d6f563338564e3fb2bcac940097df1e_9366/ZX_2K_Boost_Shoes_Black_FX6530_01_standard.jpg","If there was ever a time when culture and technology fueled each other, it's now. Which means the ZX series was ahead of the game back in the '80s. These juniors' adidas shoes carry on the legacy in a design that mixes bright colors and reflective details. Take a page out of the ZX playbook and change the game yourself. Boost ensures comfort as you do."
"Cloudfoam Pure 2.0  Shoes","SHOE-00055","63.0","50","adidas,shoes,white,women","https://assets.adidas.com/images/w_600,f_auto,q_auto/8eea3f128ea64f01aae7ac9100cbe310_9366/Cloudfoam_Pure_2.0_Shoes_White_H04756_01_standard.jpg","Step into these shoes for crisp, clean style and comfort. Thanks to their heritage adidas vibes, these running-inspired trainers make it easy to look calm, cool and collected. Whether you're hanging out with friends or trying not to get frazzled as you tick off your weekend to-do list, stay comfortable through it all. This product is made with Primegreen, a series of high-performance recycled materials."
"Bryony Shoes","SHOE-00056","56.0","50","adidas,shoes,white,women","https://assets.adidas.com/images/w_600,f_auto,q_auto/16bf123446c34be18fbdad0800dc30df_9366/Bryony_Shoes_White_H04642_01_standard.jpg","Sleek, simple and full of slam dunk energy. Step out in these adidas shoes and stride smoothly in fresh style that got its start on the B-ball court. Whether you've got an impossible to-do list or a carefree weekend ahead of you, the women's specific fit ensures comfort at every step. This product is made with Primegreen, a series of high-performance recycled materials. 50% of upper is recycled content. No virgin polyester."
"Cloudfoam Pure 2.0  Shoes","SHOE-00057","56.0","50","adidas,shoes,white,women","https://assets.adidas.com/images/w_600,f_auto,q_auto/c7fce9bf7eb7421d9e7cad1e0189be1e_9366/Cloudfoam_Pure_2.0_Shoes_White_H00948_01_standard.jpg","Step into these shoes for crisp, clean style and comfort. Thanks to their heritage adidas vibes, these running-inspired trainers make it easy to look calm, cool and collected. Whether you're hanging out with friends or trying not to get frazzled as you tick off your weekend to-do list, stay comfortable through it all. This product is made with Primegreen, a series of high-performance recycled materials."
"Bryony Shoes","SHOE-00058","56.0","50","adidas,shoes,white,women","https://assets.adidas.com/images/w_600,f_auto,q_auto/6e4bf17aaead472aa111ad0a008b14b9_9366/Bryony_Shoes_White_Q46111_01_standard.jpg","Sleek, simple and full of slam dunk energy. Step out in these adidas shoes and stride smoothly in fresh style that got its start on the B-ball court. Whether you've got an impossible to-do list or a carefree weekend ahead of you, the women's specific fit ensures comfort at every step. This product is made with Primegreen, a series of high-performance recycled materials. 50% of upper is recycled content. No virgin polyester."
"Cloudfoam Pure 2.0  Shoes","SHOE-00059","49.0","50","adidas,shoes,white,women","https://assets.adidas.com/images/w_600,f_auto,q_auto/122942808eb841cea357ad1e01878dd6_9366/Cloudfoam_Pure_2.0_Shoes_White_H00945_01_standard.jpg","Step into these shoes for crisp, clean style and comfort. Thanks to their heritage adidas vibes, these running-inspired trainers make it easy to look calm, cool and collected. Whether you're hanging out with friends or trying not to get frazzled as you tick off your weekend to-do list, stay comfortable through it all. This product is made with Primegreen, a series of high-performance recycled materials."
"Pureboost 21 Shoes","SHOE-00060","91.0","50","adidas,blue,men,shoes","https://assets.adidas.com/images/w_600,f_auto,q_auto/471b3c500cd54f1c8898ad1600b36952_9366/Pureboost_21_Shoes_Blue_GY5100_01_standard.jpg","A training plan is only as good as the effort you put into its execution. These adidas running shoes support your dedication with the incredible energy-return of Boost. The upper is made with recycled materials, so your run will feel great in more ways than one. This shoe is made with high-performance recycled materials and features an upper made with 50% recycled content."
"Postmove Shoes","SHOE-00061","56.0","50","adidas,men,shoes,white","https://assets.adidas.com/images/w_600,f_auto,q_auto/a32831b76de44cffa769acc20116bf30_9366/Postmove_Shoes_White_H00465_01_standard.jpg","Take inspiration from the original adidas Forum. Lace up these basketball shoes for a throwback look you can rock all over town. Enjoy pillowy-soft midsole cushioning as soon as you slip your feet in. This product is made with recycled content as part of our ambition to end plastic waste. 20% of pieces used to make the upper are made with minimum 50% recycled content."
"Ozelia Shoes","SHOE-00062","90.0","50","adidas,black,men,shoes","https://assets.adidas.com/images/w_600,f_auto,q_auto/429760d34fd44920952fad2b00cd494b_9366/Ozelia_Shoes_Black_GX3667_01_standard.jpg","Remember the '90s? That era of flourishing technology and loud style? The inspiration for these adidas shoes starts there. Borrowing a progressive spirit from the past, they step boldly into the present with a sleek, fast look. But when you wear them, you actually look ready for the future. Thick Adiprene cushioning helps take you there in comfort."
"HER Studio London Adilette Slides","SHOE-00063","32.0","50","adidas,red,shoes,women","https://assets.adidas.com/images/w_600,f_auto,q_auto/2ed92d14bf1845b6be1facd300f650ad_9366/HER_Studio_London_Adilette_Slides_Red_H00569_01_standard.jpg","The adidas Adilette Slides have always been about ease. Rushed for time? It takes seconds to slip them on. And style? Well, HER Studio London went ahead and took that even further with metallic pops clashing with checkered flashes. This product is made with recycled content as part of our ambition to end plastic waste. 20% of pieces used to make the upper are made with minimum 50% recycled content."
"Cloudfoam Pure 2.0  Shoes","SHOE-00064","56.0","50","adidas,shoes,white,women","https://assets.adidas.com/images/w_600,f_auto,q_auto/09ba95f11fa24171987aad1000c49f37_9366/Cloudfoam_Pure_2.0_Shoes_White_GV7307_01_standard.jpg","Step into these shoes for crisp, clean style and comfort. Thanks to their heritage adidas vibes, these running-inspired trainers make it easy to look calm, cool and collected. Whether you're hanging out with friends or trying not to get frazzled as you tick off your weekend to-do list, stay comfortable through it all. This product is made with Primegreen, a series of high-performance recycled materials."
"Adilette Slides","SHOE-00065","32.0","50","adidas,shoes,white,women","https://assets.adidas.com/images/w_600,f_auto,q_auto/1538b2030c5a42ab8eceac7c000663c8_9366/Adilette_Slides_White_GV7757_01_standard.jpg","By the pool or on the street, slip into the legendary adidas slides that made sport sandals a style go-to. Soft color fades into a second color on the soft jelly bandage upper. The contoured footbed delivers the stability the Adilette is famous for."
"Ozelia Shoes","SHOE-00066","90.0","50","adidas,green,men,shoes","https://assets.adidas.com/images/w_600,f_auto,q_auto/a5780369a888494fa3c7ad51010dc255_9366/Ozelia_Shoes_Green_GX3631_01_standard.jpg","The best of the '90s isn't just on late night-television reruns. It's also here, distilled into these Ozelia Shoes. Loud and expressive, just like the era, they have a futuristic look fueled by adidas running DNA. Adiprene cushioning makes sure that wherever you're heading, you feel good long after you get there."
"Pureboost 21 Shoes","SHOE-00067","91.0","50","adidas,men,shoes,white","https://assets.adidas.com/images/w_600,f_auto,q_auto/b663ae3f7e284aad8602ace8010526bd_9366/Pureboost_21_Shoes_White_GY5099_01_standard.jpg","A training plan is only as good as the effort you put into its execution. These adidas running shoes support your dedication with the incredible energy-return of Boost. The upper is made with recycled materials, so your run will feel great in more ways than one. This shoe is made with high-performance recycled materials and features an upper made with 50% recycled content."
"Adilette Slides","SHOE-00068","32.0","50","adidas,black,shoes,women","https://assets.adidas.com/images/w_600,f_auto,q_auto/9e001371ec764d008a23ad1a00a28eb5_9366/Adilette_Slides_Black_H00141_01_standard.jpg","You can still wear these adidas slides in cool weather. Just add socks and rock it. Flowers up top are sure to keep you dreaming of sunny days and poolside lounging. When the sun finally does come out? These are ready for it."
"Marimekko Adilette Slides","SHOE-00069","32.0","50","adidas,black,shoes,women","https://assets.adidas.com/images/w_600,f_auto,q_auto/e2f5d7dfc4d74e1f8533ad1a00c27a1c_9366/Marimekko_Adilette_Slides_Black_GW7536_01_standard.jpg","When it comes to female empowerment, Marimekko doesn't just champion it, the Finnish brand was founded on it. On these Adilette slides two of our signature styles come together in a splash of colors. The classic adidas silhouette gets completely refreshed with the expressive wave graphic Marimekko created back in 1965. Still going strong."
"Adilette Slides","SHOE-00070","32.0","50","adidas,black,shoes,women","https://assets.adidas.com/images/w_600,f_auto,q_auto/06605192424a49559014ac7700fd5d19_9366/Adilette_Slides_Black_FX5923_01_standard.jpg","Slip on these adidas slides over a pair of socks and take your favorite footwear outside. A polka-dot print on the soft bandage upper gives them a summery feel."
"Ozelia Shoes","SHOE-00071","90.0","50","adidas,men,shoes,white","https://assets.adidas.com/images/w_600,f_auto,q_auto/c58cdd0f2f7348bc99b7ad1f014f833b_9366/Ozelia_Shoes_White_H04248_01_standard.jpg","We may be a long way from the '90s, but these Ozelia Shoes are rooted in that loud, experimental era. Inspired by the adidas archives, the bold sneakers have a chunky build that's all about being noticed. They're sleek with a fast look, and when your days are fast-paced, the Adiprene cushioning helps out on the comfort side of things. This product is made with recycled content as part of our ambition to end plastic waste. 20% of pieces used to make the upper are made with minimum 50% recycled content."
"ZX 2K Boost 2.0 Shoes","SHOE-00072","105.0","50","adidas,grey,men,shoes","https://assets.adidas.com/images/w_600,f_auto,q_auto/d79107c8dcb34f49937aad5c00811ee1_9366/ZX_2K_Boost_2.0_Shoes_Grey_GZ7745_01_standard.jpg","Inspired by the digital and tactile satisfaction of our everyday. Reflective pops define the tech upper of the ZX 2K BOOST 2.0. Lace in, let the softness embrace your feet. The cushioning of wrapped Boost brings satisfaction to every step."
"ZX 2K Boost 2.0 Shoes","SHOE-00073","105.0","50","adidas,men,shoes,white","https://assets.adidas.com/images/w_600,f_auto,q_auto/17d95081650e473e9ba3acf500caedfe_9366/ZX_2K_Boost_2.0_Shoes_White_GZ7734_01_standard.jpg","Inspired by the digital and tactile satisfaction of our everyday. Reflective pops define the tech upper of the ZX 2K BOOST 2.0. Lace in, let the softness embrace your feet. The cushioning of wrapped Boost brings satisfaction to every step."
"Badge of Sport Classic Tee (Plus size)","APP-00077","20.0","50","adidas,clothing,green,women","https://assets.adidas.com/images/w_600,f_auto,q_auto/5a3e64dbd0c2449ba4faad0a002d3c12_9366/Badge_of_Sport_Classic_Tee_(Plus_size)_Green_HA3053_21_model.jpg","Whether you're running to the gym or sprinting through your errands, you want to stay comfortable through it all. This adidas tee is made with moisture-absorbing AEROREADY to keep your back feeling dry. An elongated hem with side slits offers styling versatility. By buying cotton products from us, you're supporting more sustainable cotton farming."
"ZX 2K Boost 2.0 Shoes","SHOE-00074","105.0","50","adidas,black,men,shoes","https://assets.adidas.com/images/w_600,f_auto,q_auto/a3e6e80fe82742e4afecacc3004a9d3e_9366/ZX_2K_Boost_2.0_Shoes_Black_GY8283_01_standard.jpg","These adidas ZX shoes may not be about speed anymore, but the running-inspired style still has the look of it. Bright colors flow throughout the textile upper to add a spark of flavor to your daily moves. All of it rides on energy-returning Boost cushioning. This product is made with recycled content as part of our ambition to end plastic waste. 20% of pieces used to make the upper are made with minimum 50% recycled content."
"Fleece Sweatshirt","APP-00078","18.0","50","adidas,blue,clothing,men","https://assets.adidas.com/images/w_600,f_auto,q_auto/a33e009b49f049b2866ca864013c53a1_9366/Fleece_Sweatshirt_Blue_S97358_01_laydown.jpg","As temperatures start to drop, this sweatshirt keeps you warmed up in soft fleece. The relaxed shape comfortably layers over your workout clothes. Sweat-wicking fabric helps you stay comfortable wherever the day takes you."
"Hyperglam Crop Crew Sweatshirt","APP-00079","48.0","50","adidas,black,clothing,women","https://assets.adidas.com/images/w_600,f_auto,q_auto/d35ebdbeb2044088bee0ad47007f1e11_9366/Hyperglam_Crop_Crew_Sweatshirt_Black_HE9397_HM1.jpg","The Hyperglam Crop Crew Sweatshirt is cozy proof that you can still rock the cropped silhouette trend even when the temperatures drop.​ ​ The hem is the only thing falling short in your new favorite wardrobe essential. With comfort at the forefront, the flattering cropped length and relaxed fit make it a casual-cool choice post-Barre class or for when you're catching up with friends in the park. ​ Cut from an unbelievably soft cotton-blend fabric, the iconic 3-Stripes detailing and subtle branding further elevate this winter staple. ​ Wear yours with high-rise sweatpants for maximum style points, or layer over a leotard for additional coverage."
"Swift X Shoes","SHOE-00075","60.0","50","adidas,shoes,white,women","https://assets.adidas.com/images/w_600,f_auto,q_auto/7c60b91b2be44ac3b4cfad4d0156dd44_9366/Swift_X_Shoes_White_GX8386_01_standard.jpg","If you're looking for versatility, look no further than these adidas Swift X Shoes. Because the streamlined, Colorful style means you can keep things subtle, or go big on the drama. Maybe a mix of both? The point is, it's your call, and these go with just about any outfit. In fact, we can't think of one it wouldn't go with. Who doesn't love a ball gown and sneakers? A statement is a statement no matter where you are."
"Hyperglam Crop Crew Sweatshirt","APP-00080","48.0","50","adidas,clothing,purple,women","https://assets.adidas.com/images/w_600,f_auto,q_auto/1237e4c68c934be19347ad4700844c94_9366/Hyperglam_Crop_Crew_Sweatshirt_Purple_HF4154_HM1.jpg","The Hyperglam Crop Crew Sweatshirt is cozy proof that you can still rock the cropped silhouette trend even when the temperatures drop.​ ​ The hem is the only thing falling short in your new favorite wardrobe essential. With comfort at the forefront, the flattering cropped length and relaxed fit make it a casual-cool choice post-Barre class or for when you're catching up with friends in the park. ​ Cut from an unbelievably soft cotton-blend fabric, the iconic 3-Stripes detailing and subtle branding further elevate this winter staple. ​ Wear yours with high-rise sweatpants for maximum style points, or layer over a leotard for additional coverage."
"Adilette Slides","SHOE-00076","32.0","50","adidas,shoes,white,women","https://assets.adidas.com/images/w_600,f_auto,q_auto/6ab228a711d84b61872fad1e00e4c37b_9366/Adilette_Slides_White_H00142_01_standard.jpg","You can still wear these adidas slides in cool weather. Just add socks and rock it. Flowers up top are sure to keep you dreaming of sunny days and poolside lounging. When the sun finally does come out? These are ready for it."
"Swift X Shoes","SHOE-00077","60.0","50","adidas,red,shoes,women","https://assets.adidas.com/images/w_600,f_auto,q_auto/3181e9d6aaf64c5e9a91ad440156f925_9366/Swift_X_Shoes_Red_GX8387_01_standard.jpg","If you're looking for versatility, look no further than these adidas Swift X Shoes. Because the streamlined, Colorful style means you can keep things subtle, or go big on the drama. Maybe a mix of both? The point is, it's your call, and these go with just about any outfit. In fact, we can't think of one it wouldn't go with. Who doesn't love a ball gown and sneakers? A statement is a statement no matter where you are."
"ZX 2K Boost 2.0 Shoes","SHOE-00078","105.0","50","adidas,blue,men,shoes","https://assets.adidas.com/images/w_600,f_auto,q_auto/b0ac009a575444bb9490acee00d58a6d_9366/ZX_2K_Boost_2.0_Shoes_Blue_GZ7733_01_standard.jpg","Inspired by the digital and tactile satisfaction of our everyday. Reflective pops define the tech upper of the ZX 2K BOOST 2.0. Lace in, let the softness embrace your feet. The cushioning of wrapped Boost brings satisfaction to every step."
"adidas Sportswear Comfy & Chill Full Zip Hoodie","APP-00081","56.0","50","adidas,clothing,grey,men","https://assets.adidas.com/images/w_600,f_auto,q_auto/21af4bfeab0146dfa48aad23002df1c7_9366/adidas_Sportswear_Comfy_and_Chill_Full_Zip_Hoodie_Grey_H45371_21_model.jpg","Make no mistake. Doing nothing is actually doing something. It's resetting. Unwinding. Rewarding all your hard work. So do nothing, or do something – and can we suggest doing it in this adidas hoodie? Because the ultra-soft French terry fabric provides one of the best rewards to it all: comfort. Settle in. It's easy to do with this sweatshirt."
"adidas Sportswear Seasonals Stadium Shorts","APP-00082","32.0","50","adidas,black,clothing,women","https://assets.adidas.com/images/w_600,f_auto,q_auto/2eafe5ef250a480380b3ad2400b2d432_9366/adidas_Sportswear_Seasonals_Stadium_Shorts_Black_H47892_21_model.jpg","Is there anything that says ease more than sweat shorts? What about comfort? The answer is no. Let us tell you why using these adidas shorts as an example. You've got ultra-cozy French terry material. An elastic, adjustable waist means personalized comfort. Plus they straight up just go practically anywhere. It's universally accepted. Pre-workout, post-session, that's about 23 hours a day you can be feeling good in these shorts."
"adidas Sportswear Future Icons Camo Graphic Sweatshirt","APP-00083","48.0","50","adidas,clothing,men,multicolor","https://assets.adidas.com/images/w_600,f_auto,q_auto/4d3ed14bd22549f180edad6a01141d6e_9366/adidas_Sportswear_Future_Icons_Camo_Graphic_Sweatshirt_Multicolor_HA5836_21_model.jpg","Move from gym to work to home without skipping a beat in this adidas sweatshirt. Covered in a modern camouflage design, it brings stealth style to your everyday look. Soft cotton French terry keeps you comfortable every step of the way. This product is made with Primegreen, a series of high-performance recycled materials."
"EQ21 Run Shoes","SHOE-00079","64.0","50","adidas,grey,shoes,women","https://assets.adidas.com/images/w_600,f_auto,q_auto/b0c8c621803e49de8ddcad1e01694ca5_9366/EQ21_Run_Shoes_Grey_H00541_01_standard.jpg","Log miles in confidence with these adidas running shoes. The breathable upper lets your feet stay fresh on long runs. Lightweight cushioning keeps a comfortable spring in your step from the first toe-off to the final heel strike. This product is made with recycled content as part of our ambition to end plastic waste. 20% of pieces used to make the upper are made with minimum 50% recycled content."
"Badge of Sport Classic Tee (Plus size)","APP-00084","20.0","50","adidas,clothing,pink,women","https://assets.adidas.com/images/w_600,f_auto,q_auto/f588140ec28046f2b948ad0a002537a8_9366/Badge_of_Sport_Classic_Tee_(Plus_size)_Pink_HA3052_21_model.jpg","Whether you're running to the gym or sprinting through your errands, you want to stay comfortable through it all. This adidas tee is made with moisture-absorbing AEROREADY to keep your back feeling dry. An elongated hem with side slits offers styling versatility. By buying cotton products from us, you're supporting more sustainable cotton farming."
"EQ21 Run Shoes","SHOE-00080","64.0","50","adidas,purple,shoes,women","https://assets.adidas.com/images/w_600,f_auto,q_auto/c3a6b7e952bd44c38704ad1100e593fe_9366/EQ21_Run_Shoes_Purple_GW8086_01_standard.jpg","Log miles in confidence with these adidas running shoes. The breathable upper lets your feet stay fresh on long runs. Lightweight cushioning keeps a comfortable spring in your step from the first toe-off to the final heel strike. This product is made with recycled content as part of our ambition to end plastic waste. 20% of pieces used to make the upper are made with minimum 50% recycled content."
"adidas Sportswear Comfy & Chill Full Zip Hoodie","APP-00085","56.0","50","adidas,black,clothing,men","https://assets.adidas.com/images/w_600,f_auto,q_auto/8cedb480d7164e93bf9dad2400ae11b2_9366/adidas_Sportswear_Comfy_and_Chill_Full_Zip_Hoodie_Black_H45369_21_model.jpg","Make no mistake. Doing nothing is actually doing something. It's resetting. Unwinding. Rewarding all your hard work. So do nothing, or do something – and can we suggest doing it in this adidas hoodie? Because the ultra-soft French terry fabric provides one of the best rewards to it all: comfort. Settle in. It's easy to do with this sweatshirt."
"Predators Long Sleeve Tee","APP-00086","24.0","50","adidas,clothing,grey,men","https://assets.adidas.com/images/w_600,f_auto,q_auto/c4486718d91146b8a435ac5d012beb72_9366/Predators_Long_Sleeve_Tee_Grey_H44967_01_laydown.jpg","Go Predators! Represent Nashville in this adidas hockey t-shirt as your team protects the puck. Ultra-soft ringspun cotton gives it a smooth feel to match your enthusiasm."
"EQ21 Run Shoes","SHOE-00081","56.0","50","adidas,grey,shoes,women","https://assets.adidas.com/images/w_600,f_auto,q_auto/2232eb20a8944a5ea431ad180171164f_9366/EQ21_Run_Shoes_Grey_H00538_01_standard.jpg","Log miles in confidence with these adidas running shoes. The breathable upper lets your feet stay fresh on long runs. Lightweight cushioning keeps a comfortable spring in your step from the first toe-off to the final heel strike. This product is made with recycled content as part of our ambition to end plastic waste. 20% of pieces used to make the upper are made with minimum 50% recycled content."
"adidas Equipment Tiro Track Pants","APP-00087","40.0","50","adidas,black,clothing,men","https://assets.adidas.com/images/w_600,f_auto,q_auto/26e26d36347b492c8b89ad4e0145c3d7_9366/adidas_Equipment_Tiro_Track_Pants_Black_HA2442_21_model.jpg","It's been three decades since adidas Equipment style made its indelible mark on soccer culture. To celebrate its larger-than-life look, these Tiro pants go all out with bold blocks of color down the sides and a two-tone adidas Badge of Sport on the hip. AEROREADY absorbs moisture, and a classic Tiro tapered fit keeps you streamlined in case you need to show off your fancy footwork."
"Badge of Sport Classic Tee (Plus size)","APP-00088","20.0","50","adidas,clothing,purple,women","https://assets.adidas.com/images/w_600,f_auto,q_auto/156553607731434588adad0a0025002b_9366/Badge_of_Sport_Classic_Tee_(Plus_size)_Purple_HA3054_21_model.jpg","Whether you're running to the gym or sprinting through your errands, you want to stay comfortable through it all. This adidas tee is made with moisture-absorbing AEROREADY to keep your back feeling dry. An elongated hem with side slits offers styling versatility. By buying cotton products from us, you're supporting more sustainable cotton farming."
"Fold-Cuff Crew Socks 3 Pairs","ACC-00011","10.0","50","accessories,adidas,originals,white","https://assets.adidas.com/images/w_600,f_auto,q_auto/491dd529918d4840af35ad130100a2c7_9366/Fold-Cuff_Crew_Socks_3_Pairs_White_H32387_03_standard.jpg","Classic crew socks. Is there anything better? How about a touch of adidas attitude and the option to wear them two ways. Pull these socks up high to rep your brand pride, or fold down the cuff to flaunt a Trefoil on the other side. One up and one down? You've got options. This product is made with recycled content as part of our ambition to end plastic waste."
"Fold-Cuff Crew Socks 3 Pairs","ACC-00012","9.0","50","accessories,adidas,originals,white","https://assets.adidas.com/images/w_600,f_auto,q_auto/1edff5201003486094feac76005230d0_9366/Fold-Cuff_Crew_Socks_3_Pairs_White_GN4894_03_standard.jpg","Classic crew socks. Is there anything better? How about a touch of adidas attitude and the option to wear them two ways. Pull these socks up high to rep your brand pride, or fold down the cuff to flaunt a Trefoil on the other side. One up and one down? You've got options. This product is made with recycled content as part of our ambition to end plastic waste."
"adidas x Zoe Saldana Feelbrilliant AEROREADY 7/8 Printed Sport Tights","APP-00089","40.0","50","adidas,blue,clothing,women","https://assets.adidas.com/images/w_600,f_auto,q_auto/1632b7c73c344a659516ad120133dfa4_9366/adidas_x_Zoe_Saldana_Feelbrilliant_AEROREADY_7-8_Printed_Sport_Tights_Blue_GS3917_21_model.jpg","Move through your day with total confidence in these adidas tights. A snug fit lets you bend and flex naturally, with coverage in all the right places. Stay feeling fresh and dry even after a sweaty workout and get on with your day without missing a beat."
"adidas Sleek Shoes","SHOE-00082","56.0","50","adidas,shoes,white,women","https://assets.adidas.com/images/w_600,f_auto,q_auto/73e9fe18704c407c9785ace801056ab3_9366/adidas_Sleek_Shoes_White_H00474_01_standard.jpg","In collaboration with HER Studio London, these adidas Sleek Shoes keep things clean while adding a pop of color on the heel. Because it wouldn't be a collaboration with the women-led design studio if there wasn't a distinctive print. It's their signature, after all. Perforated 3-Stripes root the look in adidas heritage. This product is made with Primegreen, a series of high-performance recycled materials. 50% of upper is recycled content. No virgin polyester."
"Marimekko Oversize Tee","APP-00090","32.0","50","adidas,black,clothing,women","https://assets.adidas.com/images/w_600,f_auto,q_auto/c790dbb9c35f4b4a9ca1ad18012a59fc_9366/Marimekko_Oversize_Tee_Black_H20475_21_model.jpg","Celebrate color. Celebrate you. Wrap up in a bright, bold print from Finnish design house Marimekko and dare to let your creative, colorful and absolutely unique voice shine. The loose cut and soft cotton of this adidas t-shirt keep you comfy while you're at it. By buying cotton products from us, you're supporting more sustainable cotton farming."
"Classic Waist Bag","ACC-00013","16.0","50","accessories,adidas,black,training","https://assets.adidas.com/images/w_600,f_auto,q_auto/4a9f587b97c44e16a736ad3700eb9fce_9366/Classic_Waist_Bag_Black_GU0890_01_standard.jpg","When you've got ground to cover and places to be, you don't want to get bogged down by your gear. Travel fast and light with this adidas waist bag. Buckle it around your waist to go hands-free or sling it across your body to tie off your look. However you wear it, all your essentials will stay securely zipped inside. This product is made with recycled content as part of our ambition to end plastic waste."
"Cropped Letter Hoodie","APP-00091","52.0","50","adidas,clothing,red,women","https://assets.adidas.com/images/w_600,f_auto,q_auto/fbb2aa5b53bd4da8a89ead1d0141f1b8_9366/Cropped_Letter_Hoodie_Red_H20233_21_model.jpg","Play up casual style with a bold adidas graphic. This cropped hoodie takes your look to the next level with collegiate block lettering on the raglan sleeves. Soft French terry keeps you comfortable all day. Pair with a denim skirt and platform shoes for an outfit that feels effortlessly cool. By buying cotton products from us, you're supporting more sustainable cotton farming. This product is made with recycled content as part of our ambition to end plastic waste."
"AEROREADY Designed to Move Sport Motion Logo Hoodie","APP-00092","52.0","50","adidas,clothing,grey,men","https://assets.adidas.com/images/w_600,f_auto,q_auto/b7d6aceea1834491b3c3ad1e0066e2cd_9366/AEROREADY_Designed_to_Move_Sport_Motion_Logo_Hoodie_Grey_H28797_21_model.jpg","For the person who's always on the move, this training hoodie matches your busy lifestyle step for step. From a morning run to a chilly shootaround in the park, stay layered up and warm while moving freely and comfortably. The adidas Badge of Sport completes the sports-inspired, daily-wear look."
"Tensor Run Shoes","SHOE-00083","36.0","50","adidas,kids,shoes,white","https://assets.adidas.com/images/w_600,f_auto,q_auto/5409c49c8f0e498fb329acb800caca6f_9366/Tensor_Run_Shoes_White_GZ2668_01_standard.jpg","One pair for every activity? In these kids' shoes, they'll stay comfortable everywhere they roam. The breathable upper keeps feet cool while a lightweight unitsole cushions their steps. Welded 3-Stripes on the sides are instantly recognizable."
"Supernova+ Shoes","SHOE-00084","96.0","50","adidas,men,shoes,white","https://assets.adidas.com/images/w_600,f_auto,q_auto/a816ee9b0d4a4e129f0cacb8009a6911_9366/Supernova+_Shoes_White_FY2858_01_standard.jpg","Take off. Touch down. Repeat. The process is simple, but not always easy. These adidas running shoes keep you comfortable from your first mile to your first race. The plus in the name refers to the extra Boost in the hybrid midsole, which gives this version of the Supernova more energy return. The engineered mesh upper provides support and ventilation where you need it most."
"Predator Freak.3 Turf Shoes","SHOE-00085","64.0","50","adidas,black,shoes,soccer","https://assets.adidas.com/images/w_600,f_auto,q_auto/41745af8b3da436d8009ac7200ccf616_9366/Predator_Freak.3_Turf_Shoes_Black_FY0623_01_standard.jpg","Walls can't contain you. Rivals can't hold you back. On the court, you're in control. Release your full force of nature in Predator Freak. Their supportive mid-cut design and grippy rubber outsole ensure these adidas soccer shoes keep you dominating on artificial turf. 3D-printed Demonscale elements spread further across their coated mesh upper to help you improve your mastery of the ball."
"Adicolor Classics Collegiate Cropped Hoodie","APP-00093","59.0","50","adidas,clothing,pink,women","https://assets.adidas.com/images/w_600,f_auto,q_auto/7f69e4cd3b0a4b8ea693ad3800a01496_9366/Adicolor_Classics_Collegiate_Cropped_Hoodie_Pink_H37831_21_model.jpg","Ease takes many forms. One of them is this adidas hoodie. It's all about comfort with a super-soft feel, ribbed details and a hood you can pull up when you want to tune out from the world a little more. By buying cotton products from us, you're supporting more sustainable cotton farming."
"Waist Bag","ACC-00014","19.0","50","accessories,adidas,burgundy,women","https://assets.adidas.com/images/w_600,f_auto,q_auto/259b132a47ba40e58455ad3000e0ada0_9366/Waist_Bag_Burgundy_H09044_01_standard.jpg","If you appreciate the finer things, you'll appreciate the total glam of this adidas waist bag. Toss in your phone, keys and cash, buckle it on and walk out the door. When you do, you'll feel the spotlight on your every step, thanks to luxe satin and pops of gold. This product is made with recycled content as part of our ambition to end plastic waste."
"Designed to Move High-Rise Sport Zebra 7/8 Tights","APP-00094","36.0","50","adidas,black,clothing,women","https://assets.adidas.com/images/w_600,f_auto,q_auto/72f364e64f69402d9f79ad0b00be803b_9366/Designed_to_Move_High-Rise_Sport_Zebra_7-8_Tights_Black_GR9652_21_model.jpg","Lunge, twist and stretch through your full range of motion. These adidas training tights have a stretchy build that lets you move freely. The AEROREADY tights absorb moisture to keep you dry during rush hour at the gym. Tuck workout reminders into the back pocket where they're easy to access. This product is made with Primegreen, a series of high-performance recycled materials."
"Funny Dino Tee (Gender Neutral)","APP-00095","25.0","50","adidas,clothing,men,white","https://assets.adidas.com/images/w_600,f_auto,q_auto/9eefe66814a34afb8c57ad5100bdfcf7_9366/Funny_Dino_Tee_(Gender_Neutral)_White_H13478_21_model.jpg","You know that friend who always has a clever joke and a smile? The one who walks in a room and brings good vibes with them? Well, in this adidas t-shirt, that friend is you. Just look at the dino. He's downright prehistoric, and even he's having a good time. By buying cotton products from us, you're supporting more sustainable cotton farming."
"adidas x Classic LEGO® Track Suit","APP-00096","60.0","50","adidas,blue,clothing,kids","https://assets.adidas.com/images/w_600,f_auto,q_auto/6abe5f25c705426a9bccad0b01096b5a_9366/adidas_x_Classic_LEGO(r)_Track_Suit_Blue_H26649_01_laydown.jpg","Unleash your little athlete's creativity and there's no limit to what they can accomplish. This kids' track suit is part of adidas' partnership with LEGO Group. Cotton-blend French terry keeps kids comfortable as they move. Bright primary colors and graphics nod to the LEGO® bricks that are an icon of childhood."
"QT Racer Sport Shoes","SHOE-00086","52.0","50","adidas,black,shoes,women","https://assets.adidas.com/images/w_600,f_auto,q_auto/25c6ecf802624b81ab7fad20004810de_9366/QT_Racer_Sport_Shoes_Black_Q46321_01_standard.jpg","These adidas shoes give you a smooth ride all day long, from your morning run to afternoon errands and then a backyard hangout at night. The Lightmotion midsole delivers super-lightweight cushioning you'll truly appreciate as the hours pass. This product is made with Primeblue, a high-performance recycled material made in part with Parley Ocean Plastic. 50% of the upper is textile, 75% of the textile is Primeblue yarn. No virgin polyester."
"Predator Freak.3 Turf Shoes","SHOE-00087","48.0","50","adidas,black,kids,shoes","https://assets.adidas.com/images/w_600,f_auto,q_auto/238d3444efb44ae5a374ac6a0138623f_9366/Predator_Freak.3_Turf_Shoes_Black_FY1039_01_standard.jpg","Walls can't contain you. Rivals can't hold you back. On the court, you're in control. Release your full force of nature in Predator Freak. These juniors' adidas turf soccer shoes dial up the stability with a supportive mid-cut design. 3D-printed Demonscale elements spread further across the synthetic upper to help you dominate the ball."
"QT Racer Sport Shoes","SHOE-00088","46.0","50","adidas,grey,shoes,women","https://assets.adidas.com/images/w_600,f_auto,q_auto/f66156d93f824de58061ad2100aa9abe_9366/QT_Racer_Sport_Shoes_Grey_Q46322_01_standard.jpg","These adidas shoes give you a smooth ride all day long, from your morning run to afternoon errands and then a backyard hangout at night. The Lightmotion midsole delivers super-lightweight cushioning you'll truly appreciate as the hours pass. This product is made with Primeblue, a high-performance recycled material made in part with Parley Ocean Plastic. 50% of the upper is textile, 75% of the textile is Primeblue yarn. No virgin polyester."
"Supernova+ Shoes","SHOE-00089","96.0","50","adidas,black,men,shoes","https://assets.adidas.com/images/w_600,f_auto,q_auto/509cdc012c124efd9bb2ad5600c352fb_9366/Supernova+_Shoes_Black_S42716_01_standard.jpg","Take off. Touch down. Repeat. The process is simple, but not always easy. These adidas running shoes keep you comfortable from your first mile to your first race. The plus in the name refers to the extra Boost in the hybrid midsole, which gives this version of the Supernova more energy return. The engineered mesh upper provides support and ventilation where you need it most."
"QT Racer Sport Shoes","SHOE-00090","46.0","50","adidas,shoes,white,women","https://assets.adidas.com/images/w_600,f_auto,q_auto/1b5e3dbdd38f44208125ad1800c45775_9366/QT_Racer_Sport_Shoes_White_GW4842_01_standard.jpg","These adidas shoes give you a smooth ride all day long, from your morning run to afternoon errands and then a backyard hangout at night. The Lightmotion midsole delivers super-lightweight cushioning you'll truly appreciate as the hours pass. This product is made with Primeblue, a high-performance recycled material made in part with Parley Ocean Plastic. 50% of the upper is textile, 75% of the textile is Primeblue yarn. No virgin polyester."
