"name","sku","price","quantity","tags","image","description"
"Men Solid Oversized Cotton","APP-00001","6.38","13","clothing,cotton,difference of opinion,men,oversized,solid","https://assets.myntassets.com/f_webp,dpr_1.0,q_60,w_210,c_limit,fl_progressive/assets/images/16407468/2021/12/28/fce7ca1e-01ec-4c12-a90f-c7b75abda0e01640669480687-Difference-of-Opinion-Men-Tshirts-4021640669480120-1.jpg","Men Solid Oversized Cotton. From Difference of Opinion."
"Men Cotton Pure Cotton T-shirt","APP-00002","3.29","36","clothing,cotton,men,roadster","https://assets.myntassets.com/f_webp,dpr_1.0,q_60,w_210,c_limit,fl_progressive/assets/images/1996777/2022/11/22/336445a8-fa32-4396-914a-2629b49465d31669112704759RoadsterMenBlackCottonPureCottonT-shirt1.jpg","Men Cotton Pure Cotton T-shirt. From Roadster."
"Women Pure Cotton T-shirt","APP-00003","6.61","91","clothing,cotton,dillinger,women","https://assets.myntassets.com/f_webp,dpr_1.0,q_60,w_210,c_limit,fl_progressive/assets/images/15598180/2022/2/4/0cae0b47-0ae6-4bec-aa2f-a00a5624c3a11643957685405-DILLINGER-Women-Navy-Blue-Typography-Printed-Pure-Cotton-Loo-1.jpg","Women Pure Cotton T-shirt. From DILLINGER."
"Typography Print T-shirt","APP-00004","3.55","99","clothing,huetrap","https://assets.myntassets.com/f_webp,dpr_1.0,q_60,w_210,c_limit,fl_progressive/assets/images/productimage/2019/12/12/1aab2a18-6774-4f83-b292-fe301755a3351576102551329-1.jpg","Typography Print T-shirt. From Huetrap."
"Printed Round Neck Pure Cotton T-shirt","APP-00005","5.93","47","clothing,cotton,printed,roadster","https://assets.myntassets.com/f_webp,dpr_1.0,q_60,w_210,c_limit,fl_progressive/assets/images/11545192/2022/3/25/626b0419-cbb0-4200-8490-67e20a0021c51648208612203-Roadster-Men-Green--White-Printed-Round-Neck-Pure-Cotton-T-s-1.jpg","Printed Round Neck Pure Cotton T-shirt. From Roadster."
"Boys Pack of 5 T-shirt","APP-00006","8.39","70","clothing,hellcat,kids","https://assets.myntassets.com/f_webp,dpr_1.0,q_60,w_210,c_limit,fl_progressive/assets/images/17137560/2022/2/11/4dd42ff2-7468-4bcc-a4a2-f0994b2d01751644582207769HellcatBoysRoundNeckBlendedCottonTshirt-ComboPackof51.jpg","Boys Pack of 5 T-shirt. From HELLCAT."
"Polo Collar Cotton Pure Cotton T-shirt","APP-00007","5.39","36","clothing,cotton,roadster","https://assets.myntassets.com/f_webp,dpr_1.0,q_60,w_210,c_limit,fl_progressive/assets/images/1996801/2018/8/3/15c9e328-62bd-49ea-8cbd-7bc2047ba02f1533279315890-Roadster-Men-Black-Solid-Polo-Collar-T-shirt-836153327931345-1.jpg","Polo Collar Cotton Pure Cotton T-shirt. From Roadster."
"Boys Pack Of 5 Printed T-shirt","APP-00008","8.39","85","clothing,hellcat,kids,printed","https://assets.myntassets.com/f_webp,dpr_1.0,q_60,w_210,c_limit,fl_progressive/assets/images/17137550/2022/2/11/b124b0f4-830d-44ed-a669-e8585d66cf4f1644579708683HellcatBoysRoundNeckBlendedCottonTshirt-ComboPackof51.jpg","Boys Pack Of 5 Printed T-shirt. From HELLCAT."
"Printed Pure Cotton T-shirt","APP-00009","3.35","59","clothing,cotton,hrx by hrithik roshan,printed","https://assets.myntassets.com/f_webp,dpr_1.0,q_60,w_210,c_limit,fl_progressive/assets/images/1700871/2020/1/22/f932ae44-0fb8-4b92-b7bc-f1756253294b1579692118186-HRX-by-Hrithik-Roshan-Men-Teal-Blue-Printed-T-shirt-90515796-1.jpg","Printed Pure Cotton T-shirt. From HRX by Hrithik Roshan."
"Printed Round Neck Pure Cotton T-shirt","APP-00010","4.79","71","clothing,cotton,printed,roadster","https://assets.myntassets.com/f_webp,dpr_1.0,q_60,w_210,c_limit,fl_progressive/assets/images/12193826/2020/10/13/e5880ee7-80af-4405-ae9f-7760b22a34621602571369433-Roadster-Women-Tshirts-1601602571367968-1.jpg","Printed Round Neck Pure Cotton T-shirt. From Roadster."
"Printed Round Neck Pure Cotton T-shirt","APP-00011","5.03","41","clothing,cotton,printed,roadster","https://assets.myntassets.com/f_webp,dpr_1.0,q_60,w_210,c_limit,fl_progressive/assets/images/10968510/2020/2/4/604f209c-9256-4c8a-b018-f15d46a9fdb11580792216828-Roadster-Women-Tshirts-8821580792215054-1.jpg","Printed Round Neck Pure Cotton T-shirt. From Roadster."
"Longline T-shirt with Raw Edge","APP-00012","5.56","100","clothing,roadster","https://assets.myntassets.com/f_webp,dpr_1.0,q_60,w_210,c_limit,fl_progressive/assets/images/1824340/2017/8/3/11501764560457-Roadster-Men-Grey-Melange-Solid-Round-Neck-T-shirt-3291501764560241-1.jpg","Longline T-shirt with Raw Edge. From Roadster."
"Printed Oversized Pure Cotton T-shirt","APP-00013","6.61","37","clothing,cotton,dillinger,oversized,printed","https://assets.myntassets.com/f_webp,dpr_1.0,q_60,w_210,c_limit,fl_progressive/assets/images/13930788/2021/8/6/38d6c0e3-cda3-4059-a673-2cdb0bafae181628241011946-DILLINGER-Women-Tshirts-8941628241011571-1.jpg","Printed Oversized Pure Cotton T-shirt. From DILLINGER."
"Men Camouflage Printed Loose T-shirt","APP-00014","5.75","90","clothing,men,printed,veirdo","https://assets.myntassets.com/f_webp,dpr_1.0,q_60,w_210,c_limit,fl_progressive/assets/images/17868156/2022/4/12/4084bedc-aa91-40c8-bed9-e8e74bbdd5f31649779743002VEIRDOMenWhiteCamouflagePrintedMonochromeLooseT-shirt1.jpg","Men Camouflage Printed Loose T-shirt. From VEIRDO."
"Time Travlr Sleveless Pure Cotton T-shirt","APP-00015","1.49","11","clothing,cotton,roadster","https://assets.myntassets.com/f_webp,dpr_1.0,q_60,w_210,c_limit,fl_progressive/assets/images/2498517/2018/5/11/d485cf97-7835-446f-b637-a98ac6fe2a291526023388617-Roadster-Men-Olive-Green-Solid-Round-Neck-T-shirt-4761526023388386-1.jpg","Time Travlr Sleveless Pure Cotton T-shirt. From Roadster."
"Men Striped Polo Collar T-shirt","APP-00016","14.39","81","clothing,louis philippe sport,men,striped","https://assets.myntassets.com/f_webp,dpr_1.0,q_60,w_210,c_limit,fl_progressive/assets/images/20324896/2022/10/27/2215b2bf-a2c1-424b-aaa6-befb8b78467c1666867734904-Louis-Philippe-Sport-Men-Tshirts-3571666867734363-1.jpg","Men Striped Polo Collar T-shirt. From Louis Philippe Sport."
"Men Striped Polo Collar T-shirt","APP-00017","4.19","55","clothing,men,roadster,striped","https://assets.myntassets.com/f_webp,dpr_1.0,q_60,w_210,c_limit,fl_progressive/assets/images/9973475/2022/11/14/b5639b13-e56a-4b59-8756-7e8b36c7775f1668419486394-Roadster-Men-Black--Grey-Striped-Polo-Collar-Pure-Cotton-T-s-1.jpg","Men Striped Polo Collar T-shirt. From Roadster."
"Henley Neck T-shirt","APP-00018","3.29","98","clothing,roadster","https://assets.myntassets.com/f_webp,dpr_1.0,q_60,w_210,c_limit,fl_progressive/assets/images/1996770/2018/2/8/11518088823846-Roadster-Men-Rust-Solid-Henley-Neck-T-shirt-7631518088823602-1.jpg","Henley Neck T-shirt. From Roadster."
"Typography Cotton T-shirt","APP-00019","3.59","43","clothing,cotton,roadster","https://assets.myntassets.com/f_webp,dpr_1.0,q_60,w_210,c_limit,fl_progressive/assets/images/2308267/2018/1/29/11517216335231-Roadster-Men-Maroon-Printed-Round-Neck-T-shirt-5591517216335098-1.jpg","Typography Cotton T-shirt. From Roadster."
"Women Candy Stripes T-shirt","APP-00020","5.93","21","clothing,moda rapido,women","https://assets.myntassets.com/f_webp,dpr_1.0,q_60,w_210,c_limit,fl_progressive/assets/images/14140704/2021/9/24/a9cf5fed-e30d-4397-8fee-700d540058ed1632481604682-Moda-Rapido-Women-Multicoloured-Candy-Stripes-Drop-Shoulder--1.jpg","Women Candy Stripes T-shirt. From Moda Rapido."
"Printed Cotton Pure Cotton T-shirt","APP-00021","4.79","94","clothing,cotton,printed,roadster","https://assets.myntassets.com/f_webp,dpr_1.0,q_60,w_210,c_limit,fl_progressive/assets/images/2297835/2018/3/14/11521020286596-Roadster-Men-Tshirts-4241521020286395-1.jpg","Printed Cotton Pure Cotton T-shirt. From Roadster."
"Cotton Oversized T-Shirt","APP-00022","6.54","91","clothing,cotton,dillinger,oversized","https://assets.myntassets.com/f_webp,dpr_1.0,q_60,w_210,c_limit,fl_progressive/assets/images/17132720/2022/6/20/7748f30c-e08f-4359-8524-9d8f7d3135281655722336851-DILLINGER-Women-Blue-Printed-Pure-Cotton-Loose-Graphic-Overs-1.jpg","Cotton Oversized T-Shirt. From DILLINGER."
"Solid Round Neck T-shirt","APP-00023","4.31","18","clothing,roadster,solid","https://assets.myntassets.com/f_webp,dpr_1.0,q_60,w_210,c_limit,fl_progressive/assets/images/2475892/2018/4/3/11522732991435-Roadster-Men-Black-Solid-Round-Neck-T-shirt-1531522732991218-1.jpg","Solid Round Neck T-shirt. From Roadster."
"Printed Cotton Pure Cotton T-shirt","APP-00024","4.61","84","clothing,cotton,hrx by hrithik roshan,printed","https://assets.myntassets.com/f_webp,dpr_1.0,q_60,w_210,c_limit,fl_progressive/assets/images/1700944/2019/6/8/488007ef-c65e-4a2f-a92b-65b6846894861559989274078-HRX-by-Hrithik-Roshan-Men-Yellow-Printed-Round-Neck-T-Shirt--1.jpg","Printed Cotton Pure Cotton T-shirt. From HRX by Hrithik Roshan."
"Slim Tropical Printed Pure Cotton T-shirt","APP-00025","5.53","16","clothing,cotton,printed,slim,urbano fashion","https://assets.myntassets.com/f_webp,dpr_1.0,q_60,w_210,c_limit,fl_progressive/assets/images/12377258/2020/9/11/ce1b7bcb-a65a-4eb0-a317-42ac02718f1e1599798741705UrbanoFashionPrintedMenRoundNeckDarkGreenT-Shirt1.jpg","Slim Tropical Printed Pure Cotton T-shirt. From Urbano Fashion."
"Men Polo Collar Slim Fit T-shirt","APP-00026","20.39","40","clothing,men,slim,u.s. polo assn.","https://assets.myntassets.com/f_webp,dpr_1.0,q_60,w_210,c_limit,fl_progressive/assets/images/19446216/2022/9/28/8e26fdd4-6af7-48b6-a037-bec1ceb6c6251664359967155TshirtsUSPoloAssnMenTshirtsUSPoloAssnMenShirtsUSPoloAssnMenS1.jpg","Men Polo Collar Slim Fit T-shirt. From U.S. Polo Assn.."
"Colourblocked Pure Cotton","APP-00027","4.19","49","clothing,cotton,roadster","https://assets.myntassets.com/f_webp,dpr_1.0,q_60,w_210,c_limit,fl_progressive/assets/images/13622286/2021/2/18/f58cb66f-5e6e-48a5-8395-c695410628811613644559259-Roadster-Men-Green-Colourblocked-Round-Neck-T-shirt-18316136-1.jpg","Colourblocked Pure Cotton. From Roadster."
"Men Printed Football T-shirt","APP-00028","46.19","45","clothing,men,printed,puma","https://assets.myntassets.com/f_webp,dpr_1.0,q_60,w_210,c_limit,fl_progressive/assets/images/18982090/2022/7/19/e618a91f-c4a3-48ea-9ea0-0d105025b5de1658232227623-Manchester-City-FC--Home-Jersey-Replica-2891658232227240-1.jpg","Men Printed Football T-shirt. From Puma."
"Colourblocked Raw Edge T-shirt","APP-00029","4.31","73","clothing,roadster","https://assets.myntassets.com/f_webp,dpr_1.0,q_60,w_210,c_limit,fl_progressive/assets/images/2215210/2018/1/22/11516616541193-Roadster-Men-Beige-Colourblocked-Round-Neck-T-shirt-8181516616541016-1.jpg","Colourblocked Raw Edge T-shirt. From Roadster."
"Polo Collar Cotton Pure Cotton T-shirt","APP-00030","5.45","35","clothing,cotton,here&now","https://assets.myntassets.com/f_webp,dpr_1.0,q_60,w_210,c_limit,fl_progressive/assets/images/7546900/2019/1/24/c9be0d6e-30a4-4242-b4e0-1c166b73f2781548320874402-HERENOW-Men-Polo-Collar-T-shirt-4861548320873235-1.jpg","Polo Collar Cotton Pure Cotton T-shirt. From HERE&NOW."
"Women Typography Printed Loose T-shirt","APP-00031","6.29","13","clothing,dillinger,printed,women","https://assets.myntassets.com/f_webp,dpr_1.0,q_60,w_210,c_limit,fl_progressive/assets/images/18771364/2022/7/21/3dd4dcc8-3ae4-4f67-a00e-235810d3508e1658395210493-DILLINGER-Women-Tshirts-6481658395209874-1.jpg","Women Typography Printed Loose T-shirt. From DILLINGER."
"Curl Edge Cotton T-shirt","APP-00032","2.39","41","clothing,cotton,roadster","https://assets.myntassets.com/f_webp,dpr_1.0,q_60,w_210,c_limit,fl_progressive/assets/images/3314141/2018/5/19/e55c2244-8515-44d5-93da-d719f3f8d4551526706357637-Roadster-Men-Tshirts-6461526706356615-1.jpg","Curl Edge Cotton T-shirt. From Roadster."
"Men Colourblocked Polo Collar T-shirt","APP-00033","5.39","24","clothing,men,roadster","https://assets.myntassets.com/f_webp,dpr_1.0,q_60,w_210,c_limit,fl_progressive/assets/images/22547618/2023/4/4/1efd237a-b32d-4aad-8953-00ee8afbdf101680608437126-Roadster-Men-Tshirts-6241680608436697-1.jpg","Men Colourblocked Polo Collar T-shirt. From Roadster."
"Men Solid Pure Cotton T-shirt","APP-00034","15.59","18","clothing,cotton,men,nautica,solid","https://assets.myntassets.com/f_webp,dpr_1.0,q_60,w_210,c_limit,fl_progressive/assets/images/10984594/2020/4/6/7e7570b8-9ff1-448a-b8e1-f5fbadf232d51586163159057-Nautica-Men-Tshirts-2011586163156988-1.jpg","Men Solid Pure Cotton T-shirt. From Nautica."
"Drop Shoulder Longline T-shirt","APP-00035","3.83","69","clothing,roadster","https://assets.myntassets.com/f_webp,dpr_1.0,q_60,w_210,c_limit,fl_progressive/assets/images/1824339/2022/4/18/ff4c8434-9e4f-4d11-9f1e-448cebdb5c6b1650284989788RoadsterMenBlackDrop-ShoulderLonglineT-shirt1.jpg","Drop Shoulder Longline T-shirt. From Roadster."
"Printed Round Neck T-Shirt","APP-00036","21.59","29","clothing,printed,puma","https://assets.myntassets.com/f_webp,dpr_1.0,q_60,w_210,c_limit,fl_progressive/assets/images/22462330/2023/3/22/27a1d087-dc81-46a0-9b86-505f6491b5931679431326265RoyalChallengersBangalore2023MensReplicaJersey1.jpg","Printed Round Neck T-Shirt. From Puma."
"Women White Wide T-shirt","APP-00037","8.39","10","clothing,h&m,women","https://assets.myntassets.com/f_webp,dpr_1.0,q_60,w_210,c_limit,fl_progressive/assets/images/17186110/2022/2/17/232b7f76-6647-411a-a28e-2811bfbdb28a1645108715599WideT-shirt1.jpg","Women White Wide T-shirt. From H&M."
"Rapid Dry Raglan Polo T-shirt","APP-00038","8.57","84","clothing,hrx by hrithik roshan","https://assets.myntassets.com/f_webp,dpr_1.0,q_60,w_210,c_limit,fl_progressive/assets/images/2314374/2018/5/2/11525240942451-HRX-by-Hrithik-Roshan-Men-Black-Self-Design-Polo-Collar-T-shirt-1561525240942331-1.jpg","Rapid Dry Raglan Polo T-shirt. From HRX by Hrithik Roshan."
"Printed Boxy Fit T-shirt","APP-00039","3.35","26","clothing,printed,roadster","https://assets.myntassets.com/f_webp,dpr_1.0,q_60,w_210,c_limit,fl_progressive/assets/images/10968502/2020/2/18/54c26fb8-d8c6-42b0-a3d6-eea009aaba161582020847616-Roadster-Women-Tshirts-2671582020846188-1.jpg","Printed Boxy Fit T-shirt. From Roadster."
"Men Solid Pure Cotton T-shirt","APP-00040","15.59","81","clothing,cotton,men,nautica,solid","https://assets.myntassets.com/f_webp,dpr_1.0,q_60,w_210,c_limit,fl_progressive/assets/images/13802542/2021/5/24/da580c47-bec2-415f-b6de-b562f9c7237d1621839374174ShirtsTommyHilfigerMenTshirtsTommyHilfigerMenTshirtsWROGNACT1.jpg","Men Solid Pure Cotton T-shirt. From Nautica."
"Polo Collar Oversized T-shirt","APP-00041","16.72","53","bonkers corner,clothing,oversized","https://assets.myntassets.com/f_webp,dpr_1.0,q_60,w_210,c_limit,fl_progressive/assets/images/22221528/2023/3/3/562f88cb-55f7-4746-9df6-32d951d355ae1677857165091Tshirts1.jpg","Polo Collar Oversized T-shirt. From Bonkers Corner."
"Printed Pure Cotton T-shirt","APP-00042","4.31","31","clothing,cotton,printed,roadster","https://assets.myntassets.com/f_webp,dpr_1.0,q_60,w_210,c_limit,fl_progressive/assets/images/13126922/2021/2/22/6d8b8cbd-fc4d-4500-afb5-a89887ba6a931613993826384-Roadster-Women-Teal-Solid-Round-Neck-T-shirt-544161399382499-1.jpg","Printed Pure Cotton T-shirt. From Roadster."
"Men 2022 Fan Jersey","APP-00043","10.13","54","clothing,men,puma","https://assets.myntassets.com/f_webp,dpr_1.0,q_60,w_210,c_limit,fl_progressive/assets/images/17535032/2022/3/24/aafe16ee-6483-40ef-8fae-80e114279b591648122118227-Puma-Men-Tshirts-4991648122117871-1.jpg","Men 2022 Fan Jersey. From Puma."
"Striped Henley Neck Pure Cotton T-shirt","APP-00044","5.39","51","clothing,cotton,roadster,striped","https://assets.myntassets.com/f_webp,dpr_1.0,q_60,w_210,c_limit,fl_progressive/assets/images/8023755/2019/2/28/3ccf7a01-9e78-409d-b357-70fffc8bfc251551339061011-Roadster-Men-Tshirts-7841551339059830-1.jpg","Striped Henley Neck Pure Cotton T-shirt. From Roadster."
"Printed Henley T-shirt","APP-00045","3.77","43","clothing,printed,roadster","https://assets.myntassets.com/f_webp,dpr_1.0,q_60,w_210,c_limit,fl_progressive/assets/images/1371410/2016/8/31/11472626355661-Roadster-Men-Bronze-Printed-V-Neck-T-Shirt-2251472626355441-1.jpg","Printed Henley T-shirt. From Roadster."
"Oversized Pure Cotton T-shirt","APP-00046","7.91","81","clothing,cotton,kook n keech,oversized","https://assets.myntassets.com/f_webp,dpr_1.0,q_60,w_210,c_limit,fl_progressive/assets/images/10926786/2020/6/14/5624caf0-b769-4ffc-91be-a605859434cd1592111383793-Kook-N-Keech-Women-Tshirts-3191592111382247-1.jpg","Oversized Pure Cotton T-shirt. From Kook N Keech."
"Ultralyte Men Running T-shirt","APP-00047","5.93","33","clothing,hrx by hrithik roshan,men","https://assets.myntassets.com/f_webp,dpr_1.0,q_60,w_210,c_limit,fl_progressive/assets/images/10106341/2019/9/5/e5bd4bb5-b746-44b1-92fd-1b20906c60031567656798859-HRX-by-Hrithik-Roshan-Men-Tshirts-5601567656797772-1.jpg","Ultralyte Men Running T-shirt. From HRX by Hrithik Roshan."
"Printed Round Neck Pure Cotton T-shirt","APP-00048","3.83","55","clothing,cotton,printed,roadster","https://assets.myntassets.com/f_webp,dpr_1.0,q_60,w_210,c_limit,fl_progressive/assets/images/12003902/2020/7/27/d890afe0-cff4-4de8-8b83-3afea9f6fdb11595844856992-Roadster-Men-White-Printed-Round-Neck-T-shirt-28159584485559-1.jpg","Printed Round Neck Pure Cotton T-shirt. From Roadster."
"Solid Polo Collar Pure Cotton T-shirt","APP-00049","5.39","29","clothing,cotton,roadster,solid","https://assets.myntassets.com/f_webp,dpr_1.0,q_60,w_210,c_limit,fl_progressive/assets/images/11278646/2020/2/10/16fde6a7-71f0-4cc2-9cf2-a0eb3e2b57f01581330316259-Roadster-Men-Tshirts-7971581330313974-1.jpg","Solid Polo Collar Pure Cotton T-shirt. From Roadster."
"Polo Collar Cotton Pure Cotton T-shirt","APP-00050","9.17","91","clothing,cotton,here&now","https://assets.myntassets.com/f_webp,dpr_1.0,q_60,w_210,c_limit,fl_progressive/assets/images/7546902/2019/2/11/be44366c-a232-47ec-a7b4-c4bea24f04e71549886561293-HERENOW-Men-Teal-Solid-Polo-Collar-T-shirt-7371549886559966-1.jpg","Polo Collar Cotton Pure Cotton T-shirt. From HERE&NOW."
"Women Mid Rise Shorts","APP-00051","6.38","93","brinns,clothing,women","https://assets.myntassets.com/f_webp,dpr_1.0,q_60,w_210,c_limit,fl_progressive/assets/images/22959014/2023/4/29/97cde5ef-3d34-4bd0-805d-c9765c99aadc1682763243962BRINNSWomenTealShorts1.jpg","Women Mid Rise Shorts. From BRINNS."
"Puffed Sleeves Casual Shirt","APP-00052","10.79","18","casual,clothing,wool trees","https://assets.myntassets.com/f_webp,dpr_1.0,q_60,w_210,c_limit,fl_progressive/assets/images/22946300/2023/4/28/0ac64e98-b125-499a-82e1-63e70cc5ed3a1682698366434WoolTreesWomenNavyBlueOpaqueFormalShirt1.jpg","Puffed Sleeves Casual Shirt. From Wool Trees."
"Typography Printed T-shirt","APP-00053","6.71","46","clothing,okane,printed","https://assets.myntassets.com/f_webp,dpr_1.0,q_60,w_210,c_limit,fl_progressive/assets/images/22928048/2023/4/28/03655502-a5c0-4fe1-8262-b18acee3fc3f1682629488435OkaneWomenRedTypographyPrintedT-shirt1.jpg","Typography Printed T-shirt. From Okane."
"Embroidered Georgette Top","APP-00054","10.16","88","clothing,embroidered,weavetech impex","https://assets.myntassets.com/f_webp,dpr_1.0,q_60,w_210,c_limit,fl_progressive/assets/images/22862184/2023/4/28/1ce20da8-3abf-4a18-b04f-aec1299f4ff81682663647633-Black-Heavy-Embroderied-Gerogette-Siquins-top-63216826636472-1.jpg","Embroidered Georgette Top. From WEAVETECH IMPEX."
"Lace Inserted Pure Cotton Top","APP-00055","23.99","54","clothing,cotton,sztori","https://assets.myntassets.com/f_webp,dpr_1.0,q_60,w_210,c_limit,fl_progressive/assets/images/16924904/2023/4/27/6633a8bd-3a27-4c44-96f7-e4d6189928c21682579556806-Sztori-Women-Tops-7761682579556384-1.jpg","Lace Inserted Pure Cotton Top. From Sztori."
"Shoulder Straps Fitted Top","APP-00056","5.92","36","brinns,clothing,fitted","https://assets.myntassets.com/f_webp,dpr_1.0,q_60,w_210,c_limit,fl_progressive/assets/images/22958968/2023/4/29/762a722c-014d-42e4-9bc1-16e77eab7e4d1682773508393BRINNSCream-ColouredCropTop1.jpg","Shoulder Straps Fitted Top. From BRINNS."
"Shirt Collar Checked Dress","APP-00057","19.79","11","checked,clothing,styli","https://assets.myntassets.com/f_webp,dpr_1.0,q_60,w_210,c_limit,fl_progressive/assets/images/22954260/2023/4/29/bd64d70e-030a-4ba3-82d4-04c4e3be968d1682741924051StyliNavyBlueCheckedMaxiDress1.jpg","Shirt Collar Checked Dress. From Styli."
"Cotton Knitted Twisted Dress","APP-00058","26.99","99","clothing,cotton,urban revivo","https://assets.myntassets.com/f_webp,dpr_1.0,q_60,w_210,c_limit,fl_progressive/assets/images/22688440/2023/4/27/6de6de88-3b31-420e-ba53-5b977d053d761682576783956-Urban-Revivo-Charcoal-A-Line-Dress-3051682576783634-1.jpg","Cotton Knitted Twisted Dress. From Urban Revivo."
"Modal Oversized T-shirt","APP-00059","8.99","95","clothing,kanvin,oversized","https://assets.myntassets.com/f_webp,dpr_1.0,q_60,w_210,c_limit,fl_progressive/assets/images/22746652/2023/4/12/b5232ab3-6a74-444e-9c39-7b6c973dfba71681324179272Tshirts1.jpg","Modal Oversized T-shirt. From Kanvin."
"Flared Sleeve Maxi Dress","APP-00060","17.39","73","clothing,styli","https://assets.myntassets.com/f_webp,dpr_1.0,q_60,w_210,c_limit,fl_progressive/assets/images/22954274/2023/4/29/070ac243-c370-466a-813e-15a7f2ce524a1682741925776StyliMaroonCapeSleeveMaxiDress1.jpg","Flared Sleeve Maxi Dress. From Styli."
"Women Straight Fit Jeans","APP-00061","26.39","83","clothing,ellis,women","https://assets.myntassets.com/f_webp,dpr_1.0,q_60,w_210,c_limit,fl_progressive/assets/images/22953654/2023/4/29/071594a4-6fd2-4e1b-ba1d-a2477092caa61682760652867ELLISWomenBlueSmartStraightFitLowDistressJeans1.jpg","Women Straight Fit Jeans. From ELLIS."
"V-Neck Shirt Style Top","APP-00062","9.56","86","clothing,raassio","https://assets.myntassets.com/f_webp,dpr_1.0,q_60,w_210,c_limit,fl_progressive/assets/images/22929344/2023/4/28/96ff188e-5001-4d8f-808a-53d183d980791682650075300RAASSIOTurquoiseBlueMandarinCollarCrepeShirtStyleTop1.jpg","V-Neck Shirt Style Top. From RAASSIO."
"Striped Halter Neck Top","APP-00063","10.79","68","clothing,guti,striped","https://assets.myntassets.com/f_webp,dpr_1.0,q_60,w_210,c_limit,fl_progressive/assets/images/22961004/2023/4/29/d7ac0d7b-99c5-4fe9-a2cd-70bf9f459f531682778111202Tops1.jpg","Striped Halter Neck Top. From GUTI."
"Printed Cotton Co-Ords Set","APP-00064","16.79","51","clothing,cotton,printed,tag 7","https://assets.myntassets.com/f_webp,dpr_1.0,q_60,w_210,c_limit,fl_progressive/assets/images/22864272/2023/4/22/b4f944cc-940d-4006-8c89-323c80fc2af31682157111969WHITEMULTIFLORALPRINT3PCKURTASET1.jpg","Printed Cotton Co-Ords Set. From TAG 7."
"Striped Pocket Detail T-shirt","APP-00065","9.59","18","clothing,mast & harbour,striped","https://assets.myntassets.com/f_webp,dpr_1.0,q_60,w_210,c_limit,fl_progressive/assets/images/21188150/2023/4/28/1f185dc1-2819-4768-a530-2ed1b5acb8d51682657447537-Mast--Harbour-Women-Tshirts-2401682657447120-1.jpg","Striped Pocket Detail T-shirt. From Mast & Harbour."
"Women Mid Rise Knitted Tights","APP-00066","15.95","44","clothing,sweet dreams,women","https://assets.myntassets.com/f_webp,dpr_1.0,q_60,w_210,c_limit,fl_progressive/assets/images/22892148/2023/4/25/dbf54e16-333c-4a35-a277-121c3a3d16b71682417297938SweetDreamsWomenSolidAnkleTights1.jpg","Women Mid Rise Knitted Tights. From Sweet Dreams."
"Kimono Sleeves Kaftan Top","APP-00067","6.88","45","clothing,dressberry","https://assets.myntassets.com/f_webp,dpr_1.0,q_60,w_210,c_limit,fl_progressive/assets/images/22954644/2023/4/29/dc6921e2-d0b1-4c0f-bf94-f8aeece11e731682769570155DressBerryBrownKimonoSleeveGeorgetteKaftanTop1.jpg","Kimono Sleeves Kaftan Top. From DressBerry."
"Floral Print Wrap Crop Top","APP-00068","23.99","11","clothing,floral,sheetal associates","https://assets.myntassets.com/f_webp,dpr_1.0,q_60,w_210,c_limit,fl_progressive/assets/images/22929280/2023/4/28/72458490-6a00-4c53-ae6c-af55e553ad071682629525713SHEETALAssociatesMulticolouredFloralPrintRoll-UpSleevesCrepe1.jpg","Floral Print Wrap Crop Top. From SHEETAL Associates."
"Printed A-Line Midi Dress","APP-00069","16.79","49","clothing,printed,sassafras","https://assets.myntassets.com/f_webp,dpr_1.0,q_60,w_210,c_limit,fl_progressive/assets/images/22924276/2023/4/28/eef31884-130a-4ff0-bf6e-0813cf13b09c1682634182020SASSAFRASRedFloralPrintHalterNeckCrepeA-LineDress1.jpg","Printed A-Line Midi Dress. From SASSAFRAS."
"Tropical Print Wrap Midi Dress","APP-00070","50.39","54","clothing,urban revivo","https://assets.myntassets.com/f_webp,dpr_1.0,q_60,w_210,c_limit,fl_progressive/assets/images/22688358/2023/4/27/56be67f5-940f-4fbf-9d7a-0538dc82a9371682592302497-Urban-Revivo-Tropical-Print-Twisted-Front-Wrap-Midi-Dress-10-1.jpg","Tropical Print Wrap Midi Dress. From Urban Revivo."
"Wrap-Style T-shirt Midi Dress","APP-00071","26.99","40","clothing,urban revivo","https://assets.myntassets.com/f_webp,dpr_1.0,q_60,w_210,c_limit,fl_progressive/assets/images/22688302/2023/4/26/ea31548e-2123-4804-9802-cbc0119bfea41682493387197SkirtsUrbanRevivoWomenSkirtsUrbanRevivoWomenSkirtsUrbanReviv1.jpg","Wrap-Style T-shirt Midi Dress. From Urban Revivo."
"Women Extended Sleeves T-shirt","APP-00072","9.59","89","clothing,roadster,women","https://assets.myntassets.com/f_webp,dpr_1.0,q_60,w_210,c_limit,fl_progressive/assets/images/21971156/2023/5/2/038dbefe-cd60-443a-a32c-f0905c7dd49c1682996602669-The-Roadster-Lifestyle-Co-Women-Extended-Sleeves-T-shirt-505-1.jpg","Women Extended Sleeves T-shirt. From Roadster."
"Women Mid Rise Cotton Leggings","APP-00073","5.93","36","clothing,cotton,lyra,women","https://assets.myntassets.com/f_webp,dpr_1.0,q_60,w_210,c_limit,fl_progressive/assets/images/22941504/2023/4/28/6e7c927e-3ee4-44d8-ad50-cf7ea54914bc1682677619972Trousers1.jpg","Women Mid Rise Cotton Leggings. From LYRA."
"Women Pack Of 3 Sports Shorts","APP-00074","6.9","75","clothing,jinfo,sport,sports,women","https://assets.myntassets.com/f_webp,dpr_1.0,q_60,w_210,c_limit,fl_progressive/assets/images/22945730/2023/4/29/1d5541bb-237f-4c71-8ac5-aa8e3634f9b71682750621163JinfoWomenBeigeYogaSportsShorts1.jpg","Women Pack Of 3 Sports Shorts. From Jinfo."
"Women Straight Fit High-Rise Jeans","APP-00075","35.99","80","clothing,urban revivo,women","https://assets.myntassets.com/f_webp,dpr_1.0,q_60,w_210,c_limit,fl_progressive/assets/images/22688658/2023/4/27/87157135-8e6e-4b0b-87ed-1a1de4b02cdd1682590304474-Urban-Revivo-Women-Straight-Fit-High-Rise-Light-Fade-Jeans-1-1.jpg","Women Straight Fit High-Rise Jeans. From Urban Revivo."
"Fitted Cinched Waist Top","APP-00076","14.87","15","clothing,fitted,neudis","https://assets.myntassets.com/f_webp,dpr_1.0,q_60,w_210,c_limit,fl_progressive/assets/images/22933492/2023/4/28/5376c1f4-65e2-4c04-b424-ad62c24d32f81682670563249NEUDISGreenCinchedWaistTop1.jpg","Fitted Cinched Waist Top. From NEUDIS."
"Women Pack Of 3 Sports Shorts","APP-00077","6.9","48","clothing,jinfo,sport,sports,women","https://assets.myntassets.com/f_webp,dpr_1.0,q_60,w_210,c_limit,fl_progressive/assets/images/22945760/2023/4/29/741d18f2-bbb3-42ee-ad15-697529b8a15c1682741334653JinfoWomenPinkYogaSportsShorts1.jpg","Women Pack Of 3 Sports Shorts. From Jinfo."
"Women Mid Rise Shorts","APP-00078","6.37","50","brinns,clothing,women","https://assets.myntassets.com/f_webp,dpr_1.0,q_60,w_210,c_limit,fl_progressive/assets/images/22959012/2023/4/29/d5b95c79-fd80-4e3f-ae94-6a0cdb59ae691682758143393BRINNSWomenNavyBlueShorts1.jpg","Women Mid Rise Shorts. From BRINNS."
"Women Pack Of 3 Yoga Shorts","APP-00079","6.9","65","clothing,jinfo,women","https://assets.myntassets.com/f_webp,dpr_1.0,q_60,w_210,c_limit,fl_progressive/assets/images/22945734/2023/4/28/8bffe652-7cb9-4f82-b35c-1c2aad5262cb1682691374304JinfoWomenBeigeColourblockedYogaSportsShorts1.jpg","Women Pack Of 3 Yoga Shorts. From Jinfo."
"Geometric Printed Top","APP-00080","9.11","28","brinns,clothing,printed","https://assets.myntassets.com/f_webp,dpr_1.0,q_60,w_210,c_limit,fl_progressive/assets/images/22959008/2023/4/29/d8ba93f1-fdcd-4cc9-b8f1-3612c0178f1c1682773537114BRINNSMulticolouredGeometricPrintCrepeTop1.jpg","Geometric Printed Top. From BRINNS."
"Printed Basic Jumpsuit","APP-00081","20.87","62","clothing,juniper,printed","https://assets.myntassets.com/f_webp,dpr_1.0,q_60,w_210,c_limit,fl_progressive/assets/images/22939730/2023/4/28/7aa4546f-cea9-4277-a5cb-68dcf141695b1682687652113JuniperWomensPinkCottonFlexFloralPrintedJumpsuit1.jpg","Printed Basic Jumpsuit. From Juniper."
"Printed Crop Top","APP-00082","83.99","95","adidas,clothing,printed","https://assets.myntassets.com/f_webp,dpr_1.0,q_60,w_210,c_limit,fl_progressive/assets/images/22938730/2023/4/29/b8ac4b54-8160-4be0-91e0-31576293fb631682708370409Tops1.jpg","Printed Crop Top. From ADIDAS."
"Cotton Relaxed Fit T-shirt","APP-00083","5.99","68","clothing,cotton,styli","https://assets.myntassets.com/f_webp,dpr_1.0,q_60,w_210,c_limit,fl_progressive/assets/images/22954262/2023/4/29/bd15390b-550d-409e-92f7-ec34834909401682742000291StyliWomenGreenTypographyPrintedT-shirt1.jpg","Cotton Relaxed Fit T-shirt. From Styli."
"Print Denim A-Line Mini Dress","APP-00084","24.0","28","clothing,denim,sumavi-fashion","https://assets.myntassets.com/f_webp,dpr_1.0,q_60,w_210,c_limit,fl_progressive/assets/images/22966444/2023/5/1/59342f98-a307-407d-8a59-e7fb43df6d521682909427032SUMAVI-FASHIONBluePrintDenimA-LineMiniDress1.jpg","Print Denim A-Line Mini Dress. From SUMAVI-FASHION."
"Women Mid-Rise Plain Trousers","APP-00085","5.93","43","clothing,lyra,women","https://assets.myntassets.com/f_webp,dpr_1.0,q_60,w_210,c_limit,fl_progressive/assets/images/22941438/2023/4/28/785ccb25-d880-4521-abf2-75d9cfb435141682677006906LYRAWomenBrownOriginalTrousers1.jpg","Women Mid-Rise Plain Trousers. From LYRA."
"Sleeveless Fit & Flare Dress","APP-00086","20.82","26","bostreet,clothing","https://assets.myntassets.com/f_webp,dpr_1.0,q_60,w_210,c_limit,fl_progressive/assets/images/22920768/2023/4/27/7f504d59-e692-4b40-bccb-12a6fd51d3d61682611758172BoStreetNavyBlueFitFlareDress1.jpg","Sleeveless Fit & Flare Dress. From BoStreet."
"Women Maternity Track Pants","APP-00087","23.99","10","clothing,frempy,women","https://assets.myntassets.com/f_webp,dpr_1.0,q_60,w_210,c_limit,fl_progressive/assets/images/22928230/2023/4/28/ba77416f-43d5-4d5e-8959-f338912537281682656204984TrackPants1.jpg","Women Maternity Track Pants. From Frempy."
"Women High Rise Knitted Tights","APP-00088","18.23","60","clothing,sweet dreams,women","https://assets.myntassets.com/f_webp,dpr_1.0,q_60,w_210,c_limit,fl_progressive/assets/images/22892006/2023/4/25/fffd6ec5-87b8-41a6-81c1-d4d3e85b81401682417321821SweetDreamsWomenSolidAnkleTights1.jpg","Women High Rise Knitted Tights. From Sweet Dreams."
"Women Typography Printed Applique T-shirt","APP-00089","7.19","61","clothing,printed,t-shirt truck,women","https://assets.myntassets.com/f_webp,dpr_1.0,q_60,w_210,c_limit,fl_progressive/assets/images/22966962/2023/5/1/4cab120c-d230-45e8-b93f-9e1d4dc0b86e1682909499248T-SHIRTTRUCKWomenBlackTypographyPrintedAppliqueT-shirt1.jpg","Women Typography Printed Applique T-shirt. From T-SHIRT TRUCK."
"Puff Sleeves Cotton Top","APP-00090","12.59","40","clothing,cotton,styli","https://assets.myntassets.com/f_webp,dpr_1.0,q_60,w_210,c_limit,fl_progressive/assets/images/22954264/2023/4/29/8b8af5ed-7fc7-45cc-b473-1f0843bb2b021682785060053StyliWomenOffWhiteFloralPrintedV-NeckPocketsT-shirt1.jpg","Puff Sleeves Cotton Top. From Styli."
"Print Maxi Dress","APP-00091","43.19","98","clothing,urban revivo","https://assets.myntassets.com/f_webp,dpr_1.0,q_60,w_210,c_limit,fl_progressive/assets/images/22687746/2023/4/18/7bae5110-0e6a-48ee-84dc-edb4b57863631681803066028TshirtsUrbanRevivoWomenDressesUrbanRevivoWomenSkirtsUrbanRev1.jpg","Print Maxi Dress. From Urban Revivo."
"Flared Sleeves Crop Top","APP-00092","23.99","55","clothing,sheetal associates","https://assets.myntassets.com/f_webp,dpr_1.0,q_60,w_210,c_limit,fl_progressive/assets/images/22929292/2023/4/28/c059c657-0e3f-406d-867f-8739a94aadb01682629535743SHEETALAssociatesBlackFloralPrintFlaredSleeveCrepeCropTop1.jpg","Flared Sleeves Crop Top. From SHEETAL Associates."
"Shoulder Straps Mini Dress","APP-00093","19.19","30","bostreet,clothing","https://assets.myntassets.com/f_webp,dpr_1.0,q_60,w_210,c_limit,fl_progressive/assets/images/22920696/2023/4/27/d4cdde2b-ec01-4eff-b9bf-c35f58b75adc1682607355131BoStreetPinkBodyconMiniDress1.jpg","Shoulder Straps Mini Dress. From BoStreet."
"Halter Neck Top","APP-00094","10.79","81","clothing,guti","https://assets.myntassets.com/f_webp,dpr_1.0,q_60,w_210,c_limit,fl_progressive/assets/images/22960936/2023/4/29/d5797163-5037-4c40-ad25-1350170818fd1682779311596Tops1.jpg","Halter Neck Top. From GUTI."
"Women Shrug","APP-00095","7.5","38","clothing,nimble,women","https://assets.myntassets.com/f_webp,dpr_1.0,q_60,w_210,c_limit,fl_progressive/assets/images/22942018/2023/4/28/fe7ade39-3933-41b6-9aa4-bd1c4f3a70db1682690206784NimbleWomenSkyBlueSolidOpenFrontShrug1.jpg","Women Shrug. From Nimble."
"Sleeveless Fitted Crop Top","APP-00096","4.61","45","clothing,disrupt,fitted","https://assets.myntassets.com/f_webp,dpr_1.0,q_60,w_210,c_limit,fl_progressive/assets/images/22927504/2023/4/28/18bf0f59-7d91-473e-b545-aee2c517c9441682628972735DisruptPinkCropTop1.jpg","Sleeveless Fitted Crop Top. From Disrupt."
"Floral Print Chiffon Fit & Flare Dress","APP-00097","7.19","50","chiffon,clothing,floral,modwee","https://assets.myntassets.com/f_webp,dpr_1.0,q_60,w_210,c_limit,fl_progressive/assets/images/22904622/2023/5/1/d739ec53-17c9-4795-a380-bed9039c62c11682962213878MODWEEYellowFloralPrintChiffonFitFlareDress1.jpg","Floral Print Chiffon Fit & Flare Dress. From MODWEE."
"Top Solid","APP-00098","10.79","15","clothing,guti,solid","https://assets.myntassets.com/f_webp,dpr_1.0,q_60,w_210,c_limit,fl_progressive/assets/images/22960930/2023/4/29/b127f9f6-89d3-4f83-aac0-11b36ab465ee1682779299136GUTIRedCottonCropTop1.jpg","Top Solid. From GUTI."
"Women Stretchable Cotton Jeans","APP-00099","14.39","76","clothing,cotton,ursense,women","https://assets.myntassets.com/f_webp,dpr_1.0,q_60,w_210,c_limit,fl_progressive/assets/images/22960134/2023/4/29/4ed89aeb-809e-4209-b30d-a8c3548f6a451682762238547urSenseWomenBlueBootcutStretchableJeans1.jpg","Women Stretchable Cotton Jeans. From urSense."
"Women Skinny Fit Jeans","APP-00100","35.99","48","clothing,vero moda,women","https://assets.myntassets.com/f_webp,dpr_1.0,q_60,w_210,c_limit,fl_progressive/assets/images/22914144/2023/4/27/6c560331-433a-4bfb-a766-49b381c103a01682574056850VeroModaWomenBlueSkinnyFitHigh-RiseLowDistressLightFadeStret1.jpg","Women Skinny Fit Jeans. From Vero Moda."
"Gold-Plated Jewellery Set","ACC-00001","17.86","57","accessories,griiham","https://assets.myntassets.com/f_webp,dpr_1.0,q_60,w_210,c_limit,fl_progressive/assets/images/22930466/2023/4/28/a1e92e8e-2015-4614-bec9-30b6b10a2aec1682678690381GoldFinishshortnecklaceset12012N1.jpg","Gold-Plated Jewellery Set. From GRIIHAM."
"UV Protected Oval Sunglasses","ACC-00002","59.99","81","accessories,resist eyewear","https://assets.myntassets.com/f_webp,dpr_1.0,q_60,w_210,c_limit,fl_progressive/assets/images/22929228/2023/4/28/d185c277-f806-42e9-8054-70aee12b4e081682632941317RESISTEYEWEAROVALUVPROTECTIONBLACKFREESIZESUNGLASSESFORMENAN1.jpg","UV Protected Oval Sunglasses. From RESIST EYEWEAR."
"Rhodium-Plated Jewellery Set","ACC-00003","17.81","77","aazeen,accessories","https://assets.myntassets.com/f_webp,dpr_1.0,q_60,w_210,c_limit,fl_progressive/assets/images/22919154/2023/4/27/9b48fdec-30f3-43a4-9291-671c070ef7381682592519635JewellerySet1.jpg","Rhodium-Plated Jewellery Set. From Aazeen."
"Gold-Plated Finger Ring","ACC-00004","4.43","47","accessories,myki","https://assets.myntassets.com/f_webp,dpr_1.0,q_60,w_210,c_limit,fl_progressive/assets/images/22910178/2023/4/26/dd4aa153-367a-4305-8aff-249a69ac23141682507619465MYKIExclusiveEternalStarGoldPlatedRingForWomenGirls1.jpg","Gold-Plated Finger Ring. From MYKI."
"Set of 6 Hair Accessory","APP-00101","7.19","37","clothing,hair flare","https://assets.myntassets.com/f_webp,dpr_1.0,q_60,w_210,c_limit,fl_progressive/assets/images/22891772/2023/4/25/20aa7036-8d83-481a-8bed-24ae5577864c1682428171095HairFlareArtificialFlowerwithPearlBridalHairPinHairClipSideP1.jpg","Set of 6 Hair Accessory. From Hair Flare."
"Wayfarer Sunglasses","ACC-00005","12.52","27","accessories,magneq","https://assets.myntassets.com/f_webp,dpr_1.0,q_60,w_210,c_limit,fl_progressive/assets/images/22886254/2023/4/25/c81dd6d6-efb0-4553-8af7-6a78e9c9870f1682410385698MAGNEQSqureShapedUnisexBlackSunglassesMG2140SC156181.jpg","Wayfarer Sunglasses. From MAGNEQ."
"Gold-Plated Jewellery Set","ACC-00006","7.74","27","accessories,mansiyaorange","https://assets.myntassets.com/f_webp,dpr_1.0,q_60,w_210,c_limit,fl_progressive/assets/images/22867496/2023/4/22/8400f0a4-6895-48ae-a248-bd486d52b6011682171171582MansiyaorangeOriginalLookGoldenColorLongRaniHaarSetForWomen1.jpg","Gold-Plated Jewellery Set. From MANSIYAORANGE."
"Women Textured Casual Belt","ACC-00007","4.69","12","accessories,casual,crusset,women","https://assets.myntassets.com/f_webp,dpr_1.0,q_60,w_210,c_limit,fl_progressive/assets/images/22914374/2023/4/27/7c60232e-b544-41ad-ad0e-3a45eb50ec391682577438232CrussetLadiesCasualBelt1.jpg","Women Textured Casual Belt. From CRUSSET."
"Body Wash With Body Spray","APP-00102","6.17","32","clothing,french essence","https://assets.myntassets.com/f_webp,dpr_1.0,q_60,w_210,c_limit,fl_progressive/assets/images/22820656/2023/4/19/8b3b1aa8-4830-4eb4-9087-f74abc11602e1681903093071BodyWashandScrub1.jpg","Body Wash With Body Spray. From FRENCH ESSENCE."
"Studs Earrings","ACC-00008","15.1","35","accessories,palmonas","https://assets.myntassets.com/f_webp,dpr_1.0,q_60,w_210,c_limit,fl_progressive/assets/images/22922588/2023/4/27/fc4d7511-47ae-45b5-9164-48fdf698ad641682596049875PALMONASGold-TonedContemporaryEarCuffEarrings1.jpg","Studs Earrings. From PALMONAS."
"Set Of 2 Gold-Plated Anklets","APP-00103","35.94","96","clothing,silvermerc designs","https://assets.myntassets.com/f_webp,dpr_1.0,q_60,w_210,c_limit,fl_progressive/assets/images/22882202/2023/4/24/37e2d8f3-aa37-4c4d-801c-3086a6302afe1682336742236GoldPlatedPearlAnklet1.jpg","Set Of 2 Gold-Plated Anklets. From Silvermerc Designs."
"Gold-Plated Long Jewellery Set","ACC-00009","5.58","89","accessories,mansiyaorange","https://assets.myntassets.com/f_webp,dpr_1.0,q_60,w_210,c_limit,fl_progressive/assets/images/22867492/2023/4/22/7d687fa2-e8cc-4dc5-8723-449c8fda0ebf1682168150672MansiyaorangeOriginalLookGoldenColorLongRaniHaarSetForWomen1.jpg","Gold-Plated Long Jewellery Set. From MANSIYAORANGE."
"Gold-Plated Necklace","ACC-00010","4.07","56","accessories,rofarword","https://assets.myntassets.com/f_webp,dpr_1.0,q_60,w_210,c_limit,fl_progressive/assets/images/22915834/2023/4/27/b8c9851c-f9bb-41e0-a453-d94d43d480041682590195673ROFARWORDTraditionalNecklaceChainforWomenGirls1.jpg","Gold-Plated Necklace. From ROFARWORD."
"Gold-Plated Jewellery Set","ACC-00011","3.71","69","accessories,rofarword","https://assets.myntassets.com/f_webp,dpr_1.0,q_60,w_210,c_limit,fl_progressive/assets/images/22889428/2023/4/25/fc1ff709-8149-4a50-8fcc-fdf27db55b931682411184738ROFARWORDTraditionalNecklaceJewellerySetforWomenGirls1.jpg","Gold-Plated Jewellery Set. From ROFARWORD."
"Gold-Plated Jewellery Set","ACC-00012","16.74","30","accessories,griiham","https://assets.myntassets.com/f_webp,dpr_1.0,q_60,w_210,c_limit,fl_progressive/assets/images/22930572/2023/4/28/872250bd-74a3-418e-8fc5-871d64588c591682665810657Antiquefinishshortnecklaceset12303N1.jpg","Gold-Plated Jewellery Set. From GRIIHAM."
"Gold-Plated Drop Earrings","ACC-00013","8.99","52","accessories,peora","https://assets.myntassets.com/f_webp,dpr_1.0,q_60,w_210,c_limit,fl_progressive/assets/images/22919806/2023/4/27/99bb2ca9-b095-490e-b402-29ff93293ce11682592003221PeoraGold-TonedContemporaryDropEarrings1.jpg","Gold-Plated Drop Earrings. From Peora."
"Gold-Plated Statement Necklace","ACC-00014","11.93","98","accessories,men,sohi","https://assets.myntassets.com/f_webp,dpr_1.0,q_60,w_210,c_limit,fl_progressive/assets/images/22898384/2023/4/25/bcfe37f2-8f8a-4ff0-b377-1c1d82faf6b71682440459069Multicolourdesignerstatementstonesnecklace1.jpg","Gold-Plated Statement Necklace. From SOHI."
"Gold-Plated Jewellery Set","ACC-00015","4.07","73","accessories,rofarword","https://assets.myntassets.com/f_webp,dpr_1.0,q_60,w_210,c_limit,fl_progressive/assets/images/22889370/2023/4/25/b60330e5-c4bc-47fb-96c4-7e33b13903011682409270123ROFARWORDTraditionalNecklaceJewellerySetforWomenGirls1.jpg","Gold-Plated Jewellery Set. From ROFARWORD."
"Silver-Plated Oxidized Bangle","APP-00104","23.99","89","clothing,samridhi dc","https://assets.myntassets.com/f_webp,dpr_1.0,q_60,w_210,c_limit,fl_progressive/assets/images/22882102/2023/4/24/c9804859-5287-4183-86bf-830e4d0bdb381682341145313OxidizedSilver-PlatedJhumkiCuffGhungrooBeadedBangle1.jpg","Silver-Plated Oxidized Bangle. From Samridhi DC."
"Gold-Plated Jewellery Set","ACC-00016","10.58","56","accessories,sukkhi","https://assets.myntassets.com/f_webp,dpr_1.0,q_60,w_210,c_limit,fl_progressive/assets/images/22863238/2023/4/22/077b01bd-0892-48cc-9ed7-a0cccb81fbb41682158346504SukkhiGracefulGoldPlatedKundanMeenakariChokerNecklaceSetforW1.jpg","Gold-Plated Jewellery Set. From Sukkhi."
"Textured Structured Sling Bag","ACC-00017","20.28","17","accessories,metro","https://assets.myntassets.com/f_webp,dpr_1.0,q_60,w_210,c_limit,fl_progressive/assets/images/22935820/2023/4/28/dccb7af5-17a9-4e6b-b1b4-17bb55bb2cbd1682688547164MetroYellowTexturedShopperSlingBagwithQuilted1.jpg","Textured Structured Sling Bag. From Metro."
"Studs Earrings","ACC-00018","16.99","38","accessories,palmonas","https://assets.myntassets.com/f_webp,dpr_1.0,q_60,w_210,c_limit,fl_progressive/assets/images/22922592/2023/4/27/9fdbd132-c6be-4626-8491-5596c81d38171682595737959PALMONASGold-TonedContemporaryStudsEarrings1.jpg","Studs Earrings. From PALMONAS."
"Women Silver-Plated Charm Bracelet","ACC-00019","10.79","71","accessories,peora,women","https://assets.myntassets.com/f_webp,dpr_1.0,q_60,w_210,c_limit,fl_progressive/assets/images/22919724/2023/4/27/7017a571-1404-4269-a7bc-ed2c4c6353141682607174225Bracelet1.jpg","Women Silver-Plated Charm Bracelet. From Peora."
"Rose Gold-Plated Finger Ring","ACC-00020","4.19","11","accessories,myki","https://assets.myntassets.com/f_webp,dpr_1.0,q_60,w_210,c_limit,fl_progressive/assets/images/22910300/2023/4/26/3a0141b4-f608-467e-b67f-0d31972beb081682509965876MYKICasualRingForWomenGirls1.jpg","Rose Gold-Plated Finger Ring. From MYKI."
"Rose Gold-Plated Mangalsutra","APP-00105","10.57","77","clothing,vita bella","https://assets.myntassets.com/f_webp,dpr_1.0,q_60,w_210,c_limit,fl_progressive/assets/images/22905700/2023/4/26/051b181b-b9e9-4260-86b9-b7657281c0381682502411512RoseGold-PlatedBeadedADStuddedMangalsutraEarringsSet1.jpg","Rose Gold-Plated Mangalsutra. From Vita Bella."
"Set of 2 Silver-Plated Anklets","APP-00106","23.99","45","clothing,ruhi collection","https://assets.myntassets.com/f_webp,dpr_1.0,q_60,w_210,c_limit,fl_progressive/assets/images/22885602/2023/4/24/d65cf009-2f43-4799-97b3-ce126181bc8a1682345046015RuhiCollectionBridalSilverPlatedIndianTraditionalEthnicFancy1.jpg","Set of 2 Silver-Plated Anklets. From RUHI COLLECTION."
"Drop Earrings","ACC-00021","4.79","100","accessories,myki","https://assets.myntassets.com/f_webp,dpr_1.0,q_60,w_210,c_limit,fl_progressive/assets/images/22956674/2023/4/29/79a95752-7c34-4d27-948d-4c9b3eb513f81682777408194MYKISilver-TonedContemporaryDropEarrings1.jpg","Drop Earrings. From MYKI."
"Rhodium-Plated Jewellery Set","ACC-00022","6.71","32","aazeen,accessories","https://assets.myntassets.com/f_webp,dpr_1.0,q_60,w_210,c_limit,fl_progressive/assets/images/22919106/2023/4/27/be9e297e-ecdb-41d9-8edd-f7bbf12fe7c11682590858133Rhodium-PlatedSilverTonedAmericanDiamondstuddedOvalShapedJew1.jpg","Rhodium-Plated Jewellery Set. From Aazeen."
"Women PU Belt With Chain Drop","ACC-00023","14.34","95","20dresses,accessories,women","https://assets.myntassets.com/f_webp,dpr_1.0,q_60,w_210,c_limit,fl_progressive/assets/images/22902594/2023/4/26/5b348a9b-ce8a-472b-ad38-ecee4df38876168249360531620DressesTanSolidWaistBeltWithChainDropForWomen1.jpg","Women PU Belt With Chain Drop. From 20Dresses."
"Gold-Plated Jewellery Set","ACC-00024","5.44","24","accessories,sukkhi","https://assets.myntassets.com/f_webp,dpr_1.0,q_60,w_210,c_limit,fl_progressive/assets/images/22863338/2023/4/22/593b1ab8-0e50-4c14-bb53-ae871efbae7e1682160442433SukkhiAlluringOxidisedGoddessLaxmiNecklaceSetforWomen1.jpg","Gold-Plated Jewellery Set. From Sukkhi."
"Silver-Plated Jewellery Set","ACC-00025","4.66","96","accessories,anouk","https://assets.myntassets.com/f_webp,dpr_1.0,q_60,w_210,c_limit,fl_progressive/assets/images/22896762/2023/4/25/874d3424-7e1d-473b-9475-b3ae52e15d161682428568615JewellerySet1.jpg","Silver-Plated Jewellery Set. From Anouk."
"Rhodium-Plated Drop Earrings","ACC-00026","7.09","28","aazeen,accessories","https://assets.myntassets.com/f_webp,dpr_1.0,q_60,w_210,c_limit,fl_progressive/assets/images/22945144/2023/4/28/885ba632-56e0-4fde-afd2-22c3844dff951682682462021AazeenSeaGreenCircularStudsEarrings1.jpg","Rhodium-Plated Drop Earrings. From Aazeen."
"Rhodium-Plated Bracelet","ACC-00027","4.55","47","aazeen,accessories","https://assets.myntassets.com/f_webp,dpr_1.0,q_60,w_210,c_limit,fl_progressive/assets/images/22919254/2023/4/27/d66b536d-cb62-4d31-8250-53a736a1b1621682607111206Rhodium-PlatedSilverTonedWhiteAmericanDiamondstuddedHeartSha1.jpg","Rhodium-Plated Bracelet. From Aazeen."
"Silver-Plated Ring","ACC-00028","3.59","88","accessories,vien","https://assets.myntassets.com/f_webp,dpr_1.0,q_60,w_210,c_limit,fl_progressive/assets/images/22907202/2023/4/26/56eb4a2d-9e1d-4a66-9450-af344d98f4081682503079537VIENSilverOwlRingCatEyesAnimalCharmVintageRingsforMenWomenRi1.jpg","Silver-Plated Ring. From VIEN."
"Gold-Plated Necklace","ACC-00029","11.93","32","accessories,sohi","https://assets.myntassets.com/f_webp,dpr_1.0,q_60,w_210,c_limit,fl_progressive/assets/images/22898378/2023/4/25/48e704f1-5431-41e3-9360-0a379c9bc28c1682440434875Multicolourdesignerstatementstonesnecklace1.jpg","Gold-Plated Necklace. From SOHI."
"Brass Gold-Plated Layered Necklace","ACC-00030","3.59","42","aazeen,accessories","https://assets.myntassets.com/f_webp,dpr_1.0,q_60,w_210,c_limit,fl_progressive/assets/images/22935316/2023/4/28/73c383e7-19e0-4965-a14f-7cfb6b43a3461682675973680Gold-PlatedWhiteGold-TonedBrassNecklace1.jpg","Brass Gold-Plated Layered Necklace. From Aazeen."
"Set Of 2 Gold-Plated Bangles","APP-00107","7.98","56","aazeen,clothing","https://assets.myntassets.com/f_webp,dpr_1.0,q_60,w_210,c_limit,fl_progressive/assets/images/22918822/2023/4/27/3db89ff6-5a1c-4b50-8a76-5e84a0d6974b1682591117730Gold-PlatedWhiteAmericanDiamondstuddedFloralShapedBanglesJew1.jpg","Set Of 2 Gold-Plated Bangles. From Aazeen."
"Aviator Sunglasses","ACC-00031","10.84","39","accessories,magneq","https://assets.myntassets.com/f_webp,dpr_1.0,q_60,w_210,c_limit,fl_progressive/assets/images/22886240/2023/4/25/352afc0f-a1df-4545-a8ab-7afa4ff815641682410373949MAGNEQPilotShapedPurplePolaroizedUnisexSunglassesMG2207SC3551.jpg","Aviator Sunglasses. From MAGNEQ."
"Drop Earrings","ACC-00032","22.79","82","accessories,jewelz","https://assets.myntassets.com/f_webp,dpr_1.0,q_60,w_210,c_limit,fl_progressive/assets/images/22955108/2023/4/29/48b5cc22-2df4-4caf-81fd-f63beefbbb261682761700020JewelzMulticolouredContemporaryDropEarrings1.jpg","Drop Earrings. From Jewelz."
"Set of 2 Coffee Body Wash","APP-00108","9.58","72","clothing,mcaffeine","https://assets.myntassets.com/f_webp,dpr_1.0,q_60,w_210,c_limit,fl_progressive/assets/images/22916948/2023/4/28/20959ae6-d115-4c09-b2f3-f89dd5e3dfed1682675226245MCaffeineSetof2CoffeeBodyWashRefillPackwithVitaminEBrazilNut1.jpg","Set of 2 Coffee Body Wash. From MCaffeine."
"Gold-Plated Short Chain","APP-00109","1.79","34","clothing,jewel world","https://assets.myntassets.com/f_webp,dpr_1.0,q_60,w_210,c_limit,fl_progressive/assets/images/22889234/2023/4/27/7607d7f8-97cc-4d57-95a3-3351f00e126c168253941127618INCHSHORTNECKLACECHAINFORGIRLSWOMEN1.jpg","Gold-Plated Short Chain. From JEWEL WORLD."
"Studs Earrings","ACC-00033","3.84","81","accessories,myki","https://assets.myntassets.com/f_webp,dpr_1.0,q_60,w_210,c_limit,fl_progressive/assets/images/22957080/2023/4/29/af28e0fd-4f6f-450f-a647-b951a896dce31682761821713MYKIEarringsForWomenGirls1.jpg","Studs Earrings. From MYKI."
"Jhumkas Earrings","ACC-00034","5.51","10","aazeen,accessories","https://assets.myntassets.com/f_webp,dpr_1.0,q_60,w_210,c_limit,fl_progressive/assets/images/22953832/2023/4/29/fc602bd0-f0de-4dd0-98be-fba3d98429901682764239591AazeenRedDomeShapedJhumkasEarrings1.jpg","Jhumkas Earrings. From Aazeen."
"Textured Structured Sling Bag","ACC-00035","20.28","21","accessories,metro","https://assets.myntassets.com/f_webp,dpr_1.0,q_60,w_210,c_limit,fl_progressive/assets/images/22935834/2023/4/28/6e0a918f-be18-42ed-a4fa-9f28a6c3b0571682674477922MetroBeigeStructuredSlingBagwithFringed1.jpg","Textured Structured Sling Bag. From Metro."
"Gold-Plated Jewellery Set","ACC-00036","48.0","90","accessories,griiham","https://assets.myntassets.com/f_webp,dpr_1.0,q_60,w_210,c_limit,fl_progressive/assets/images/22930650/2023/4/29/69f40f8a-68ed-4717-97cf-26691ea9f1de1682740070007JewellerySet1.jpg","Gold-Plated Jewellery Set. From GRIIHAM."
"Gold-Plated Necklace","ACC-00037","14.38","65","accessories,sohi","https://assets.myntassets.com/f_webp,dpr_1.0,q_60,w_210,c_limit,fl_progressive/assets/images/22898268/2023/4/26/ccf253a7-3493-4c94-ba03-ea86fcea2a5c1682474721671Multicolourdesignerstatementstonesnecklace1.jpg","Gold-Plated Necklace. From SOHI."
"Jhumkas Earrings","ACC-00038","3.59","18","accessories,kord store","https://assets.myntassets.com/f_webp,dpr_1.0,q_60,w_210,c_limit,fl_progressive/assets/images/22963100/2023/4/29/c5493324-afb3-4aa5-a6f4-cd1f365419b81682769608317KordStoreSeaGreenClassicJhumkasEarrings1.jpg","Jhumkas Earrings. From Kord Store."
"Drop Earrings","ACC-00039","4.79","93","accessories,myki","https://assets.myntassets.com/f_webp,dpr_1.0,q_60,w_210,c_limit,fl_progressive/assets/images/22956944/2023/4/29/56f73cf4-e397-46b3-b200-29f05657db091682761898808MYKIGorgeousHoopEarringsforWomenandGirls1.jpg","Drop Earrings. From MYKI."
"Rhodium-Plated Jewellery Set","ACC-00040","17.81","98","aazeen,accessories","https://assets.myntassets.com/f_webp,dpr_1.0,q_60,w_210,c_limit,fl_progressive/assets/images/22918984/2023/4/27/eaffd368-d692-443c-b283-0149b592da451682592179291JewellerySet1.jpg","Rhodium-Plated Jewellery Set. From Aazeen."
"Gold-Plated Necklace","ACC-00041","4.31","66","accessories,rofarword","https://assets.myntassets.com/f_webp,dpr_1.0,q_60,w_210,c_limit,fl_progressive/assets/images/22915808/2023/4/27/6e75a120-4379-4452-a50c-e2d0d90b1e3c1682587099203ROFARWORDTraditionalNecklaceChainforWomenGirls1.jpg","Gold-Plated Necklace. From ROFARWORD."
"Printed Cotton Kurta","APP-00110","26.39","90","clothing,cotton,fabindia,printed","https://assets.myntassets.com/f_webp,dpr_1.0,q_60,w_210,c_limit,fl_progressive/assets/images/22932024/2023/4/28/ddb15d72-672d-4b0c-939f-9bb1e4fbc0f21682667913152FabindiaWomenWhiteDyedFlaredSleevesSequinnedAnarkaliKurta1.jpg","Printed Cotton Kurta. From Fabindia."
"Gold-Plated Jewellery Set","ACC-00042","17.86","79","accessories,griiham","https://assets.myntassets.com/f_webp,dpr_1.0,q_60,w_210,c_limit,fl_progressive/assets/images/22930466/2023/4/28/a1e92e8e-2015-4614-bec9-30b6b10a2aec1682678690381GoldFinishshortnecklaceset12012N1.jpg","Gold-Plated Jewellery Set. From GRIIHAM."
"Kalamkari Tussar Jute Silk Saree","APP-00111","274.79","77","clothing,silk,unnati silks","https://assets.myntassets.com/f_webp,dpr_1.0,q_60,w_210,c_limit,fl_progressive/assets/images/22923496/2023/4/27/9579bf96-63a2-41ab-8623-f7d0f2ed4c371682613316170PureHandloomPenKalamkariPaintingGichaTussarJuteSaree1.jpg","Kalamkari Tussar Jute Silk Saree. From Unnati Silks."
"Floral Kanjeevaram Saree","APP-00112","67.19","20","clothing,floral,mimosa","https://assets.myntassets.com/f_webp,dpr_1.0,q_60,w_210,c_limit,fl_progressive/assets/images/22915762/2023/4/28/0c7fde3c-d9eb-41e3-9eeb-936730355d5d1682634802252Sarees1.jpg","Floral Kanjeevaram Saree. From MIMOSA."
"Woven Design Taant Saree","APP-00113","57.42","61","allsilks,clothing","https://assets.myntassets.com/f_webp,dpr_1.0,q_60,w_210,c_limit,fl_progressive/assets/images/22891204/2023/4/25/aea837f1-09a8-4b9c-aee1-3c146f10af951682428023340Sarees1.jpg","Woven Design Taant Saree. From AllSilks."
"Gold-Plated Jewellery Set","ACC-00043","7.74","67","accessories,mansiyaorange","https://assets.myntassets.com/f_webp,dpr_1.0,q_60,w_210,c_limit,fl_progressive/assets/images/22867496/2023/4/22/8400f0a4-6895-48ae-a248-bd486d52b6011682171171582MansiyaorangeOriginalLookGoldenColorLongRaniHaarSetForWomen1.jpg","Gold-Plated Jewellery Set. From MANSIYAORANGE."
"Semi-Stitched Lehenga Unstitched Blouse With Dupatta","APP-00114","27.59","41","apnisha,clothing","https://assets.myntassets.com/f_webp,dpr_1.0,q_60,w_210,c_limit,fl_progressive/assets/images/22958334/2023/4/29/990a910e-40a8-4cc2-8bb8-d9222feb6a2e1682772733681DULHAN-RED-LEHENGA1.jpg","Semi-Stitched Lehenga Unstitched Blouse With Dupatta. From APNISHA."
"Ready to Wear Lehenga Blouse With Dupatta","APP-00115","80.18","20","clothing,fusionic","https://assets.myntassets.com/f_webp,dpr_1.0,q_60,w_210,c_limit,fl_progressive/assets/images/22955774/2023/4/29/6cd82bca-da02-4440-8434-01d57a9424b81682754756419LehengaCholi1.jpg","Ready to Wear Lehenga Blouse With Dupatta. From Fusionic."
"Zari Banarasi Saree","APP-00116","10.02","74","clothing,ode by house of pataudi","https://assets.myntassets.com/f_webp,dpr_1.0,q_60,w_210,c_limit,fl_progressive/assets/images/22937952/2023/4/28/3aca50f2-f20b-4c65-ab6b-e95f2c996fc01682687366295YellowSolidVichitraSilkSareewithMatchingBlousePiece1.jpg","Zari Banarasi Saree. From Ode by House of Pataudi."
"Woven Design Kanjeevaram Saree","APP-00117","8.99","83","clothing,here&now","https://assets.myntassets.com/f_webp,dpr_1.0,q_60,w_210,c_limit,fl_progressive/assets/images/22936376/2023/4/28/8f3d0804-9d33-4f01-802d-b143975b258e1682687145741Sarees1.jpg","Woven Design Kanjeevaram Saree. From HERE&NOW."
"Striped Pure Cotton Saree","APP-00118","30.14","52","charukriti,clothing,cotton,striped","https://assets.myntassets.com/f_webp,dpr_1.0,q_60,w_210,c_limit,fl_progressive/assets/images/22934566/2023/4/28/89461f62-c880-4728-9fdf-3c01e7ee88a51682679040053Sarees1.jpg","Striped Pure Cotton Saree. From Charukriti."
"Woven Design Silk Cotton Saree","APP-00119","28.08","19","charukriti,clothing,cotton,silk","https://assets.myntassets.com/f_webp,dpr_1.0,q_60,w_210,c_limit,fl_progressive/assets/images/22934340/2023/4/28/7aca58b6-b483-4253-999a-5b7c937a9d0c1682670755451Sarees1.jpg","Woven Design Silk Cotton Saree. From Charukriti."
"Kurti With Sharara & Dupatta","APP-00120","35.39","67","clothing,scakhi","https://assets.myntassets.com/f_webp,dpr_1.0,q_60,w_210,c_limit,fl_progressive/assets/images/22913656/2023/4/27/03616c53-aa89-4972-a152-eab79845a6e61682569057195PinkCottonLurexIkatPrintKurtiShararaDupattaSet1.jpg","Kurti With Sharara & Dupatta. From SCAKHI."
"Printed Embellished Saree","APP-00121","16.12","64","anouk,clothing,printed","https://assets.myntassets.com/f_webp,dpr_1.0,q_60,w_210,c_limit,fl_progressive/assets/images/22920520/2023/4/28/1dde48c9-765e-4aa6-bb84-76bf5ae17af01682634614361Sarees1.jpg","Printed Embellished Saree. From Anouk."
"Woven Design Banarasi Silk Blend Saree","APP-00122","16.79","45","clothing,rajgranth,silk","https://assets.myntassets.com/f_webp,dpr_1.0,q_60,w_210,c_limit,fl_progressive/assets/images/22920144/2023/4/27/591bc177-02a9-419a-93f8-0801820170ce1682607230687RAJGRANTHWomensBanarasiSilkWithJacquardPrintPartyWearSaree1.jpg","Woven Design Banarasi Silk Blend Saree. From RAJGRANTH."
"Kurta with Trousers & Dupatta","APP-00123","42.0","45","clothing,house of jamoti","https://assets.myntassets.com/f_webp,dpr_1.0,q_60,w_210,c_limit,fl_progressive/assets/images/22905028/2023/4/26/b297af14-f69f-4a5a-a100-f1ee4164e1bd1682503324051KurtaSets1.jpg","Kurta with Trousers & Dupatta. From HOUSE OF JAMOTI."
"Gold-Plated Long Jewellery Set","ACC-00044","5.58","41","accessories,mansiyaorange","https://assets.myntassets.com/f_webp,dpr_1.0,q_60,w_210,c_limit,fl_progressive/assets/images/22867492/2023/4/22/7d687fa2-e8cc-4dc5-8723-449c8fda0ebf1682168150672MansiyaorangeOriginalLookGoldenColorLongRaniHaarSetForWomen1.jpg","Gold-Plated Long Jewellery Set. From MANSIYAORANGE."
"Woven Design Art Silk Saree","APP-00124","32.34","28","clothing,meena bazaar,silk","https://assets.myntassets.com/f_webp,dpr_1.0,q_60,w_210,c_limit,fl_progressive/assets/images/22955348/2023/5/1/947fed9f-f44e-4195-8d7f-b1983216c95b1682908122226MeenaBazaarBurgundyGold-TonedWovenDesignZariArtSilkSaree1.jpg","Woven Design Art Silk Saree. From Meena Bazaar."
"Pure Chiffon Leheriya Saree","APP-00125","8.63","33","chiffon,clothing,kalini","https://assets.myntassets.com/f_webp,dpr_1.0,q_60,w_210,c_limit,fl_progressive/assets/images/22924508/2023/4/27/a4e38ffd-28bc-43f3-9d35-30896a66f23b1682615220020KaliniGreenChiffonEthnicEmbellishedFestiveSareewithMatchingB1.jpg","Pure Chiffon Leheriya Saree. From KALINI."
"Gold-Plated Necklace","ACC-00045","4.07","42","accessories,rofarword","https://assets.myntassets.com/f_webp,dpr_1.0,q_60,w_210,c_limit,fl_progressive/assets/images/22915834/2023/4/27/b8c9851c-f9bb-41e0-a453-d94d43d480041682590195673ROFARWORDTraditionalNecklaceChainforWomenGirls1.jpg","Gold-Plated Necklace. From ROFARWORD."
"Printed Cotton Ethnic Dress","APP-00126","56.05","84","clothing,cotton,ethnic,printed,scakhi","https://assets.myntassets.com/f_webp,dpr_1.0,q_60,w_210,c_limit,fl_progressive/assets/images/22913652/2023/4/27/7d24511e-518b-4f93-9d6a-761af6d8d1881682568266790SCAKHIWomenPinkEthnicMotifsPrintedKeyholeNeckFloralAnarkaliK1.jpg","Printed Cotton Ethnic Dress. From SCAKHI."
"Printed Pure Cotton Saree","APP-00127","12.76","56","anouk,clothing,cotton,printed","https://assets.myntassets.com/f_webp,dpr_1.0,q_60,w_210,c_limit,fl_progressive/assets/images/22941938/2023/4/28/449af3b2-432c-43ed-8a08-6145c4027f121682688263921Sarees1.jpg","Printed Pure Cotton Saree. From Anouk."
"Paisley Kanjeevaram Saree","APP-00128","59.99","62","clothing,mimosa","https://assets.myntassets.com/f_webp,dpr_1.0,q_60,w_210,c_limit,fl_progressive/assets/images/22915730/2023/4/27/4bcfb1e8-4c70-4493-9604-82feb04859311682590180753Sarees1.jpg","Paisley Kanjeevaram Saree. From MIMOSA."
"Floral Printed Anarkali Kurta","APP-00129","31.2","41","clothing,floral,indya,printed","https://assets.myntassets.com/f_webp,dpr_1.0,q_60,w_210,c_limit,fl_progressive/assets/images/22915046/2023/4/27/49ddaa8c-db42-4a33-8a67-53735bfd1f4a1682584539837RedBatikPrintAnarkaliKurta1.jpg","Floral Printed Anarkali Kurta. From INDYA."
"Ethnic Motifs Silk Blend Saree","APP-00130","47.99","76","clothing,ethnic,phenav,silk","https://assets.myntassets.com/f_webp,dpr_1.0,q_60,w_210,c_limit,fl_progressive/assets/images/22895374/2023/4/26/786a2c40-aa45-4a49-adf1-0eb031f482631682533534063Sarees1.jpg","Ethnic Motifs Silk Blend Saree. From Phenav."
"Silver-Plated Oxidized Bangle","APP-00131","23.99","85","clothing,samridhi dc","https://assets.myntassets.com/f_webp,dpr_1.0,q_60,w_210,c_limit,fl_progressive/assets/images/22882102/2023/4/24/c9804859-5287-4183-86bf-830e4d0bdb381682341145313OxidizedSilver-PlatedJhumkiCuffGhungrooBeadedBangle1.jpg","Silver-Plated Oxidized Bangle. From Samridhi DC."
"Gold-Plated Jewellery Set","ACC-00046","10.58","69","accessories,sukkhi","https://assets.myntassets.com/f_webp,dpr_1.0,q_60,w_210,c_limit,fl_progressive/assets/images/22863238/2023/4/22/077b01bd-0892-48cc-9ed7-a0cccb81fbb41682158346504SukkhiGracefulGoldPlatedKundanMeenakariChokerNecklaceSetforW1.jpg","Gold-Plated Jewellery Set. From Sukkhi."
"Floral Pure Cotton Saree","APP-00132","28.08","67","charukriti,clothing,cotton,floral","https://assets.myntassets.com/f_webp,dpr_1.0,q_60,w_210,c_limit,fl_progressive/assets/images/22934326/2023/4/28/ff990386-21c7-4328-a7cf-077be6ac33161682670735365Sarees1.jpg","Floral Pure Cotton Saree. From Charukriti."
"Printed Straight Kurta","APP-00133","8.39","16","clothing,printed,skyasia","https://assets.myntassets.com/f_webp,dpr_1.0,q_60,w_210,c_limit,fl_progressive/assets/images/22919262/2023/4/27/5321400d-711d-4d5a-a3d3-9bc81ab899ce1682591158480SkyaSiaWomenPinkPaisleyPrintedGottaPattiFloralKurta1.jpg","Printed Straight Kurta. From SkyaSia."
"Rose Gold-Plated Mangalsutra","APP-00134","10.57","43","clothing,vita bella","https://assets.myntassets.com/f_webp,dpr_1.0,q_60,w_210,c_limit,fl_progressive/assets/images/22905700/2023/4/26/051b181b-b9e9-4260-86b9-b7657281c0381682502411512RoseGold-PlatedBeadedADStuddedMangalsutraEarringsSet1.jpg","Rose Gold-Plated Mangalsutra. From Vita Bella."
"Ethnic Motifs Silk Blend Saree","APP-00135","47.99","33","clothing,ethnic,phenav,silk","https://assets.myntassets.com/f_webp,dpr_1.0,q_60,w_210,c_limit,fl_progressive/assets/images/22895368/2023/4/26/b01c7053-d63e-4223-8f76-6baaa50297791682533498825Sarees1.jpg","Ethnic Motifs Silk Blend Saree. From Phenav."
"Women Embroidered Kurta with Trousers With Dupatta","APP-00136","19.75","98","clothing,embroidered,navibhu,women","https://assets.myntassets.com/f_webp,dpr_1.0,q_60,w_210,c_limit,fl_progressive/assets/images/22847962/2023/4/26/9b4eaf5c-4da3-45d2-8586-d1c1aa0dede91682506321696-Navibhu-Green-Embroidered-Straight-Kurta-Trouser-With-Dupatt-1.jpg","Women Embroidered Kurta with Trousers With Dupatta. From navibhu."
"Chanderi Silk Cotton Saree","APP-00137","18.62","83","clothing,cotton,pisara,silk","https://assets.myntassets.com/f_webp,dpr_1.0,q_60,w_210,c_limit,fl_progressive/assets/images/22947070/2023/4/28/768fa470-c880-450b-9aed-0cb0e88711f31682699928191PisaraNavyBlueSilkCottonWovenDesignChanderiSaree1.jpg","Chanderi Silk Cotton Saree. From Pisara."
"Tie And Dye Printed Zari Saree","ACC-00047","13.76","14","accessories,anouk,printed","https://assets.myntassets.com/f_webp,dpr_1.0,q_60,w_210,c_limit,fl_progressive/assets/images/22941934/2023/4/28/becf61b6-402c-4605-8b7c-932f1dcf80071682688670670Sarees1.jpg","Tie And Dye Printed Zari Saree. From Anouk."
"Striped Pure Cotton Saree","APP-00138","35.99","42","clothing,cotton,fabindia,striped","https://assets.myntassets.com/f_webp,dpr_1.0,q_60,w_210,c_limit,fl_progressive/assets/images/22932186/2023/4/28/520d020a-6655-495f-ba31-e11d4e8485ae1682662935868RedCottonWovenSari1.jpg","Striped Pure Cotton Saree. From Fabindia."
"Woven Design Pure Cotton Saree","APP-00139","60.38","66","charukriti,clothing,cotton","https://assets.myntassets.com/f_webp,dpr_1.0,q_60,w_210,c_limit,fl_progressive/assets/images/22934498/2023/4/28/ed6c62f5-4268-4982-a4bc-8e2073662cb31682674116215Sarees1.jpg","Woven Design Pure Cotton Saree. From Charukriti."
"Kurti","APP-00140","22.8","17","clothing,crazevilla","https://assets.myntassets.com/f_webp,dpr_1.0,q_60,w_210,c_limit,fl_progressive/assets/images/22929160/2023/4/28/8c1993ab-1ef2-44b8-ab3c-f47f98f3137b1682632948404ShortKurti1.jpg","Kurti. From CRAZEVILLA."
"Kurta with Trousers & Dupatta","APP-00141","41.98","20","clothing,house of jamoti","https://assets.myntassets.com/f_webp,dpr_1.0,q_60,w_210,c_limit,fl_progressive/assets/images/22905020/2023/4/26/8840e068-9931-481b-a1ac-fe428405a36a1682500295691KurtaSets1.jpg","Kurta with Trousers & Dupatta. From HOUSE OF JAMOTI."
"Kota Pure Cotton Saree","APP-00142","20.39","32","clothing,cotton,unnati silks","https://assets.myntassets.com/f_webp,dpr_1.0,q_60,w_210,c_limit,fl_progressive/assets/images/22888746/2023/4/25/c18d26c2-af4a-45b5-bb35-7254619347fa1682421005789PureBlockPrintedKotaCottonSaree1.jpg","Kota Pure Cotton Saree. From Unnati Silks."
"Rhodium-Plated Drop Earrings","ACC-00048","7.09","58","aazeen,accessories","https://assets.myntassets.com/f_webp,dpr_1.0,q_60,w_210,c_limit,fl_progressive/assets/images/22945144/2023/4/28/885ba632-56e0-4fde-afd2-22c3844dff951682682462021AazeenSeaGreenCircularStudsEarrings1.jpg","Rhodium-Plated Drop Earrings. From Aazeen."
"Brass Gold-Plated Layered Necklace","ACC-00049","3.59","65","aazeen,accessories","https://assets.myntassets.com/f_webp,dpr_1.0,q_60,w_210,c_limit,fl_progressive/assets/images/22935316/2023/4/28/73c383e7-19e0-4965-a14f-7cfb6b43a3461682675973680Gold-PlatedWhiteGold-TonedBrassNecklace1.jpg","Brass Gold-Plated Layered Necklace. From Aazeen."
"Set Of 2 Gold-Plated Bangles","APP-00143","7.98","82","aazeen,clothing","https://assets.myntassets.com/f_webp,dpr_1.0,q_60,w_210,c_limit,fl_progressive/assets/images/22918822/2023/4/27/3db89ff6-5a1c-4b50-8a76-5e84a0d6974b1682591117730Gold-PlatedWhiteAmericanDiamondstuddedFloralShapedBanglesJew1.jpg","Set Of 2 Gold-Plated Bangles. From Aazeen."
"Woven Design Kanjeevaram Art Silk Saree","APP-00144","50.39","54","clothing,mimosa,silk","https://assets.myntassets.com/f_webp,dpr_1.0,q_60,w_210,c_limit,fl_progressive/assets/images/22915530/2023/4/27/e09bedd7-6872-49ce-9cb8-717c0ae3e01e1682585116445Sarees1.jpg","Woven Design Kanjeevaram Art Silk Saree. From MIMOSA."
"Checked Pure Crepe Saree","APP-00145","20.39","79","checked,clothing,kasak","https://assets.myntassets.com/f_webp,dpr_1.0,q_60,w_210,c_limit,fl_progressive/assets/images/22894326/2023/4/25/1f45b99f-0900-45b7-a63b-5265ed4f2f801682431101863KasakWomensTraditionalPrintedCrepeSareeWithBlousePiece1.jpg","Checked Pure Crepe Saree. From Kasak."
"Striped Silk Blend Saree","APP-00146","13.6","90","clothing,satrani,silk,striped","https://assets.myntassets.com/f_webp,dpr_1.0,q_60,w_210,c_limit,fl_progressive/assets/images/22889650/2023/4/25/00408bd8-8b74-4a3c-8ea8-78ed1be3c6f71682440080553SatraniBlackSilkBlendScreenPrintedsaree1.jpg","Striped Silk Blend Saree. From Satrani."
"Checked Kanjeevaram Saree","APP-00147","12.17","18","anouk,checked,clothing","https://assets.myntassets.com/f_webp,dpr_1.0,q_60,w_210,c_limit,fl_progressive/assets/images/22887148/2023/4/25/1693cc23-ee65-4232-921d-66128cb4781d1682415809050SilkBlendKanjeevaramSaree1.jpg","Checked Kanjeevaram Saree. From Anouk."
"Floral Pure Linen Saree","APP-00148","21.59","70","clothing,divastri,floral,linen","https://assets.myntassets.com/f_webp,dpr_1.0,q_60,w_210,c_limit,fl_progressive/assets/images/22959640/2023/4/29/924943e5-7b61-41a0-a593-0401ce243e7a1682782315435GreenColorLinenFloralPrintedSareewithUnstitchedBlousePiece1.jpg","Floral Pure Linen Saree. From DIVASTRI."
"Printed A-Line Ethnic Dress","APP-00149","29.99","83","clothing,ethnic,kalini,printed","https://assets.myntassets.com/f_webp,dpr_1.0,q_60,w_210,c_limit,fl_progressive/assets/images/22913108/2023/4/26/3351c2c2-56f4-454b-81bd-5b811e6c7fc11682519328746EthnicDresses1.jpg","Printed A-Line Ethnic Dress. From KALINI."
"Striped Handloom Saree","APP-00150","92.27","22","allsilks,clothing,striped","https://assets.myntassets.com/f_webp,dpr_1.0,q_60,w_210,c_limit,fl_progressive/assets/images/22891366/2023/4/25/b92a0372-d5f1-4931-b7b1-5881260260f71682428019827Sarees1.jpg","Striped Handloom Saree. From AllSilks."
"Printed Tussar Pure Silk Saree","APP-00151","67.72","31","allsilks,clothing,printed,silk","https://assets.myntassets.com/f_webp,dpr_1.0,q_60,w_210,c_limit,fl_progressive/assets/images/22891140/2023/4/25/9909bcd9-c980-4822-94b2-f5c31cab50241682427757654Sarees1.jpg","Printed Tussar Pure Silk Saree. From AllSilks."
"Cosmos BT Calling Smartwatch","ACC-00050","89.99","10","accessories,pebble","https://assets.myntassets.com/f_webp,dpr_1.0,q_60,w_210,c_limit,fl_progressive/assets/images/22890264/2023/4/27/e9053713-8d3b-4fe5-a6bb-ea7f51d9e8581682588772924-pebble-Unisex-Smart-Watches-6371682588772060-1.jpg","Cosmos BT Calling Smartwatch. From pebble."
"Women Watch Bracelet Gift Set","ACC-00051","63.59","10","accessories,voylla,women","https://assets.myntassets.com/f_webp,dpr_1.0,q_60,w_210,c_limit,fl_progressive/assets/images/22902632/2023/4/26/b1dc4a9a-ebd6-4524-aafc-18d5366fb0f31682498496643WomensSilverAnalogueChainWatchwithBracelet1.jpg","Women Watch Bracelet Gift Set. From Voylla."
"Women Watch Bracelet Gift Set","ACC-00052","52.79","70","accessories,voylla,women","https://assets.myntassets.com/f_webp,dpr_1.0,q_60,w_210,c_limit,fl_progressive/assets/images/22902638/2023/4/26/e1717e3a-6bbf-43ce-8126-8fd202c1908d1682492833034WomensGoldAnalogueDisplayWatchwithBracelet1.jpg","Women Watch Bracelet Gift Set. From Voylla."
"Women Watch Bracelet Gift Set","ACC-00053","50.39","54","accessories,voylla,women","https://assets.myntassets.com/f_webp,dpr_1.0,q_60,w_210,c_limit,fl_progressive/assets/images/22902624/2023/4/26/78dd04f2-dc81-4512-924e-82b366ca11751682492979205WomensWhiteAnalogueRoundDialWatchwithBracelet1.jpg","Women Watch Bracelet Gift Set. From Voylla."
"Women Watch Bracelet Gift Set","ACC-00054","65.99","43","accessories,voylla,women","https://assets.myntassets.com/f_webp,dpr_1.0,q_60,w_210,c_limit,fl_progressive/assets/images/22902646/2023/4/26/9ffa1698-b78d-4a0c-aeaa-ecee58922bc01682492860156WomensGoldEmbellishedWatchwithBraceletset1.jpg","Women Watch Bracelet Gift Set. From Voylla."
"Women Watch Bracelet Gift Set","ACC-00055","47.99","15","accessories,voylla,women","https://assets.myntassets.com/f_webp,dpr_1.0,q_60,w_210,c_limit,fl_progressive/assets/images/22902642/2023/4/26/d897e967-491e-4c03-b4fa-9cb165a75d981682503078931WomensWhiteClassicRoundDialWatchwithBracelet1.jpg","Women Watch Bracelet Gift Set. From Voylla."
"Women Watch Bracelet Gift Set","ACC-00056","54.59","69","accessories,voylla,women","https://assets.myntassets.com/f_webp,dpr_1.0,q_60,w_210,c_limit,fl_progressive/assets/images/22902640/2023/4/26/38803c8e-e393-40ec-bff1-9cd8ffa9826b1682495410288WomensGreenRoundDialWatchwithBracelet1.jpg","Women Watch Bracelet Gift Set. From Voylla."
"Women Watch Bracelet Gift Set","ACC-00057","53.99","52","accessories,voylla,women","https://assets.myntassets.com/f_webp,dpr_1.0,q_60,w_210,c_limit,fl_progressive/assets/images/22902644/2023/4/26/9ab2e353-bb49-494d-9846-167539d749e61682493633207WomensWhiteRegularDialWatchwithBracelet1.jpg","Women Watch Bracelet Gift Set. From Voylla."
"Cosmos BT Calling Smartwatch","ACC-00058","33.59","44","accessories,pebble","https://assets.myntassets.com/f_webp,dpr_1.0,q_60,w_210,c_limit,fl_progressive/assets/images/22890266/2023/4/27/4dce3c79-a8ab-4dda-be46-2cee19a73cbf1682588783633-pebble-Unisex-Smart-Watches-5371682588782884-1.jpg","Cosmos BT Calling Smartwatch. From pebble."
"Cosmos BT Calling Smartwatch","ACC-00059","33.59","73","accessories,pebble","https://assets.myntassets.com/f_webp,dpr_1.0,q_60,w_210,c_limit,fl_progressive/assets/images/22890270/2023/4/27/c9913fc7-440f-4282-a801-6b74c582b8531682588802025-pebble-Unisex-Smart-Watches-7241682588801265-1.jpg","Cosmos BT Calling Smartwatch. From pebble."
"Cosmos BT Calling Smartwatch","ACC-00060","33.59","77","accessories,pebble","https://assets.myntassets.com/f_webp,dpr_1.0,q_60,w_210,c_limit,fl_progressive/assets/images/22890268/2023/4/27/7f1c0aea-11aa-4240-8290-b6a29fc90a1c1682588794591-pebble-Unisex-Smart-Watches-5901682588793589-1.jpg","Cosmos BT Calling Smartwatch. From pebble."
"Women Watch Bracelet Gift Set","ACC-00061","56.39","91","accessories,voylla,women","https://assets.myntassets.com/f_webp,dpr_1.0,q_60,w_210,c_limit,fl_progressive/assets/images/22902628/2023/4/26/5328c533-adf6-42b9-877c-c41272442cc01682492986826WomensGreenStrapWatchwithBracelet1.jpg","Women Watch Bracelet Gift Set. From Voylla."
"Analogue Straps Watch","ACC-00062","7.19","49","accessories,cero","https://assets.myntassets.com/f_webp,dpr_1.0,q_60,w_210,c_limit,fl_progressive/assets/images/22822980/2023/4/19/2a02ba75-56d9-4f47-8a85-0bd6671144631681913166363Watches1.jpg","Analogue Straps Watch. From CERO."
"Printed Dial Analogue Watch","ACC-00063","7.19","11","accessories,cero,printed","https://assets.myntassets.com/f_webp,dpr_1.0,q_60,w_210,c_limit,fl_progressive/assets/images/22823042/2023/4/19/3ffb32f3-27db-4657-b4c7-0cbb0c4ab6461681913708338Watches1.jpg","Printed Dial Analogue Watch. From CERO."
"Women Bracelet Style Watch","ACC-00064","10.79","30","accessories,swiss design,women","https://assets.myntassets.com/f_webp,dpr_1.0,q_60,w_210,c_limit,fl_progressive/assets/images/22791656/2023/4/15/8100b8ec-50b0-4080-b0eb-30ce95d02fbd1681561635357Giftsetconsistsof1watchand4BangleBracelet1.jpg","Women Bracelet Style Watch. From Swiss Design."
"Stainless Steel Straps Watch","ACC-00065","7.19","40","accessories,cero","https://assets.myntassets.com/f_webp,dpr_1.0,q_60,w_210,c_limit,fl_progressive/assets/images/22822978/2023/4/19/0e2a7a49-3654-4116-a805-26622002db211681908554356Watches1.jpg","Stainless Steel Straps Watch. From CERO."
"Women Analogue Watch","ACC-00066","9.76","20","accessories,dressberry,women","https://assets.myntassets.com/f_webp,dpr_1.0,q_60,w_210,c_limit,fl_progressive/assets/images/22803258/2023/4/17/0b0c3eba-ff7e-4c0c-b14d-93601f811d461681742683278Watches1.jpg","Women Analogue Watch. From DressBerry."
"Women Leather Straps Watch","ACC-00067","7.72","86","accessories,killer,leather,women","https://assets.myntassets.com/f_webp,dpr_1.0,q_60,w_210,c_limit,fl_progressive/assets/images/22881410/2023/4/24/dd8ed9c5-bb53-4d27-a046-8dd82d539e921682337947595KillerWomenBrassDialLeatherTexturedStrapsAnalogueWatchKLFO361.jpg","Women Leather Straps Watch. From Killer."
"Stainless Steel Straps Watch","ACC-00068","7.19","60","accessories,cero","https://assets.myntassets.com/f_webp,dpr_1.0,q_60,w_210,c_limit,fl_progressive/assets/images/22822988/2023/4/19/3f99ba3e-bd5b-4bb5-b481-720798a056da1681910285609Watches1.jpg","Stainless Steel Straps Watch. From CERO."
"Women Stainless Steel Straps Watch","ACC-00069","5.99","12","accessories,watchstar,women","https://assets.myntassets.com/f_webp,dpr_1.0,q_60,w_210,c_limit,fl_progressive/assets/images/22867728/2023/4/22/314052ed-fa33-4091-9eb8-43469d24c0651682169179029WomenmettalicRoseGoldwatch1.jpg","Women Stainless Steel Straps Watch. From WATCHSTAR."
"Pack Of 2 Analogue Watch","ACC-00070","7.19","52","accessories,cero","https://assets.myntassets.com/f_webp,dpr_1.0,q_60,w_210,c_limit,fl_progressive/assets/images/22822968/2023/4/19/96d8be0d-c8a2-4b08-a83c-30edbec7f5391681910620527Watches1.jpg","Pack Of 2 Analogue Watch. From CERO."
"Women Stainless Steel Straps Watch","ACC-00071","5.99","65","accessories,watchstar,women","https://assets.myntassets.com/f_webp,dpr_1.0,q_60,w_210,c_limit,fl_progressive/assets/images/22867736/2023/4/22/2e326bd1-beba-450a-8f3c-7dae0871e9041682168133165WomenBlackwatchforalloccasion1.jpg","Women Stainless Steel Straps Watch. From WATCHSTAR."
"Women Stainless Steel Straps Watch","ACC-00072","5.99","33","accessories,watchstar,women","https://assets.myntassets.com/f_webp,dpr_1.0,q_60,w_210,c_limit,fl_progressive/assets/images/22867716/2023/4/22/662027fb-a238-47cf-9a2d-59883781f15e1682168352823WomenmettalicGoldwatch1.jpg","Women Stainless Steel Straps Watch. From WATCHSTAR."
"Set Of 2 Analogue Straps Watch","ACC-00073","7.19","82","accessories,cero","https://assets.myntassets.com/f_webp,dpr_1.0,q_60,w_210,c_limit,fl_progressive/assets/images/22822998/2023/4/19/87aa33e8-a00b-4752-bab7-18f7ba53ebdd1681908179267Watches1.jpg","Set Of 2 Analogue Straps Watch. From CERO."
"Women Leather Straps Watch","ACC-00074","10.49","35","accessories,killer,leather,women","https://assets.myntassets.com/f_webp,dpr_1.0,q_60,w_210,c_limit,fl_progressive/assets/images/22881408/2023/4/24/11926882-12a9-4172-bb79-95cf4237a5a61682337124851KillerWomenBrassPrintedDialLeatherBraceletStyleStrapsDigital1.jpg","Women Leather Straps Watch. From Killer."
"Rubber Straps Analogue Watch","ACC-00075","7.19","66","accessories,cero","https://assets.myntassets.com/f_webp,dpr_1.0,q_60,w_210,c_limit,fl_progressive/assets/images/22823036/2023/4/19/a537cd4c-035f-4072-a204-3e6a0fcc4dfc1681910676438Watches1.jpg","Rubber Straps Analogue Watch. From CERO."
"Women Leather Strap Watch","ACC-00076","8.39","74","accessories,killer,leather,women","https://assets.myntassets.com/f_webp,dpr_1.0,q_60,w_210,c_limit,fl_progressive/assets/images/22881414/2023/4/24/59257aae-27cf-4a62-90a5-7ad01fb33e0d1682346287702KillerWomenBrassDialLeatherTexturedStrapsAnalogueWatchKLW5241.jpg","Women Leather Strap Watch. From Killer."
"Women Stainless Steel Watch","ACC-00077","5.99","87","accessories,watchstar,women","https://assets.myntassets.com/f_webp,dpr_1.0,q_60,w_210,c_limit,fl_progressive/assets/images/22867722/2023/4/24/6aa68c92-7708-4e84-ac72-76d311103e961682308786858WATCHSTARWomenGreenEmbellishedDialGreenStainlessSteelStrapsA1.jpg","Women Stainless Steel Watch. From WATCHSTAR."
"Stainless Steel Straps Watch","ACC-00078","7.19","78","accessories,cero","https://assets.myntassets.com/f_webp,dpr_1.0,q_60,w_210,c_limit,fl_progressive/assets/images/22822958/2023/4/19/4577cee7-9211-4694-ad8e-3f3b6bad6eaf1681908541562Watches1.jpg","Stainless Steel Straps Watch. From CERO."
"Pack Of 2 Analogue Watch","ACC-00079","7.19","28","accessories,cero","https://assets.myntassets.com/f_webp,dpr_1.0,q_60,w_210,c_limit,fl_progressive/assets/images/22822956/2023/4/19/09dfabb6-ed9a-4fdc-a936-fe70751395391681908153697Watches1.jpg","Pack Of 2 Analogue Watch. From CERO."
"Women Stainless Steel Straps Watch","ACC-00080","5.99","10","accessories,watchstar,women","https://assets.myntassets.com/f_webp,dpr_1.0,q_60,w_210,c_limit,fl_progressive/assets/images/22867714/2023/4/22/eba93eeb-7345-48c2-83be-ce8ef730e55e1682167733020WomensuniqueGoldBrownmetalstrapanalogwomneswatch1.jpg","Women Stainless Steel Straps Watch. From WATCHSTAR."
"Women Bracelet Style Watch","ACC-00081","10.79","60","accessories,swiss design,women","https://assets.myntassets.com/f_webp,dpr_1.0,q_60,w_210,c_limit,fl_progressive/assets/images/22791532/2023/4/15/fcbb8efa-88ed-4fc7-a4fa-0d9daa019dd41681573228665Giftsetconsistsof1watchand4BangleBracelet1.jpg","Women Bracelet Style Watch. From Swiss Design."
"Stainless Steel Straps Watch","ACC-00082","7.19","89","accessories,cero","https://assets.myntassets.com/f_webp,dpr_1.0,q_60,w_210,c_limit,fl_progressive/assets/images/22823006/2023/4/19/c071028b-cd9d-43ee-ba7c-3d0c508ae5c61681908391906Watches1.jpg","Stainless Steel Straps Watch. From CERO."
"Ninja Call Ultra Smartwatch","ACC-00083","17.99","57","accessories,fire-boltt","https://assets.myntassets.com/f_webp,dpr_1.0,q_60,w_210,c_limit,fl_progressive/assets/images/22770560/2023/4/21/0e113bff-0905-4bc9-af94-fcebfab3ba8b1682075076722-Fire-Boltt-Unisex-Smart-Watches-7601682075076097-1.jpg","Ninja Call Ultra Smartwatch. From Fire-Boltt."
"Stainless Steel Straps Watch","ACC-00084","7.19","42","accessories,cero","https://assets.myntassets.com/f_webp,dpr_1.0,q_60,w_210,c_limit,fl_progressive/assets/images/22823004/2023/4/19/c8e33b31-bb29-4074-a225-4bc88430ec531681911546095Watches1.jpg","Stainless Steel Straps Watch. From CERO."
"Women Silecon Textured Watch","ACC-00085","516.0","90","accessories,tissot,women","https://assets.myntassets.com/f_webp,dpr_1.0,q_60,w_210,c_limit,fl_progressive/assets/images/22799074/2023/4/17/e4af75f9-336e-4066-a836-ccaabc76951d1681722608568TissotSeastar100036mmT12021017116001.jpg","Women Silecon Textured Watch. From TISSOT."
"Set Of 3 Analogue Watch","ACC-00086","7.19","12","accessories,cero","https://assets.myntassets.com/f_webp,dpr_1.0,q_60,w_210,c_limit,fl_progressive/assets/images/22823048/2023/4/19/f45cb4b7-8205-4429-add5-5567814242aa1681911836883Watches1.jpg","Set Of 3 Analogue Watch. From CERO."
"Unisex Leather Watch","ACC-00087","798.0","92","accessories,leather,tissot","https://assets.myntassets.com/f_webp,dpr_1.0,q_60,w_210,c_limit,fl_progressive/assets/images/22799084/2023/4/17/72632549-f6c5-44ca-bd26-54fc88f123561681723436340TissotChemindesTourellesPowermatic8039mmT13980716041001.jpg","Unisex Leather Watch. From TISSOT."
"Women Stainless Steel Straps Watch","ACC-00088","5.99","29","accessories,watchstar,women","https://assets.myntassets.com/f_webp,dpr_1.0,q_60,w_210,c_limit,fl_progressive/assets/images/22867708/2023/4/22/7144621c-d6a9-4267-a361-07864297649b1682168666080WomensuniquedesignBrownmetalstrapanalogwomneswatch1.jpg","Women Stainless Steel Straps Watch. From WATCHSTAR."
"Women Set Of 3 Analogue Watch","ACC-00089","7.19","89","accessories,cero,women","https://assets.myntassets.com/f_webp,dpr_1.0,q_60,w_210,c_limit,fl_progressive/assets/images/22823034/2023/4/20/d999be17-93f5-4b9f-afb7-8c9216b369771681964255681CEROUnisexDialStainlessSteelBraceletStyleStrapsAnalogueWatch1.jpg","Women Set Of 3 Analogue Watch. From CERO."
"Women Stainless Steel Straps Watch","ACC-00090","5.99","20","accessories,watchstar,women","https://assets.myntassets.com/f_webp,dpr_1.0,q_60,w_210,c_limit,fl_progressive/assets/images/22867754/2023/4/22/ee275a19-7697-423c-bbb6-ddefdbf0ed9d1682175427960Womenblackdiamondwatch1.jpg","Women Stainless Steel Straps Watch. From WATCHSTAR."
"Analogue Straps Watch","ACC-00091","7.19","100","accessories,cero","https://assets.myntassets.com/f_webp,dpr_1.0,q_60,w_210,c_limit,fl_progressive/assets/images/22823000/2023/4/19/fdef833e-1aab-41c0-be63-2734407483231681909034447Watches1.jpg","Analogue Straps Watch. From CERO."
"Women Analogue Watch","ACC-00092","5.99","82","accessories,watchstar,women","https://assets.myntassets.com/f_webp,dpr_1.0,q_60,w_210,c_limit,fl_progressive/assets/images/22867686/2023/4/24/b0024f66-532c-4ebf-bca6-0429da0ef2951682309543414WATCHSTARWomenMulticolouredDialPinkStainlessSteelStrapsDigit1.jpg","Women Analogue Watch. From WATCHSTAR."
"Printed Dial Analogue Watch","ACC-00093","7.19","66","accessories,cero,printed","https://assets.myntassets.com/f_webp,dpr_1.0,q_60,w_210,c_limit,fl_progressive/assets/images/22823026/2023/4/19/2234842f-6030-44a5-a1ec-5b60cb82f64b1681908183635Watches1.jpg","Printed Dial Analogue Watch. From CERO."
"Women Stainless Steel Straps Watch","ACC-00094","5.99","25","accessories,watchstar,women","https://assets.myntassets.com/f_webp,dpr_1.0,q_60,w_210,c_limit,fl_progressive/assets/images/22867724/2023/4/22/230f0f54-8940-4ee7-8ee1-e676f040a4211682173272942womensanalognewwatch1.jpg","Women Stainless Steel Straps Watch. From WATCHSTAR."
"Women Analogue Watch","ACC-00095","9.76","96","accessories,dressberry,women","https://assets.myntassets.com/f_webp,dpr_1.0,q_60,w_210,c_limit,fl_progressive/assets/images/22803284/2023/4/17/4c839279-2fae-41d5-93a0-eb0f425bd6051681742724886Watches1.jpg","Women Analogue Watch. From DressBerry."
"Women Embellished Watch","ACC-00096","20.34","49","accessories,maxima,women","https://assets.myntassets.com/f_webp,dpr_1.0,q_60,w_210,c_limit,fl_progressive/assets/images/22483708/2023/4/21/1a803aac-7889-4ddd-a5bb-1ddb52f34d7b1682078936101-Maxima-Rose-Attivo-Ladies-Watch-60400LMLR-7861682078935886-1.jpg","Women Embellished Watch. From maxima."
"Stainless Steel Analogue Watch","ACC-00097","7.19","95","accessories,cero","https://assets.myntassets.com/f_webp,dpr_1.0,q_60,w_210,c_limit,fl_progressive/assets/images/22823044/2023/4/19/fc8230c0-1095-4fef-8c9b-2d4ef99d25821681909609556Watches1.jpg","Stainless Steel Analogue Watch. From CERO."
"Women Set Of 2 Analogue Watch","ACC-00098","7.19","29","accessories,cero,women","https://assets.myntassets.com/f_webp,dpr_1.0,q_60,w_210,c_limit,fl_progressive/assets/images/22823024/2023/4/19/4ac487d8-c199-4498-a258-d0027e18e88c1681921903543Watches1.jpg","Women Set Of 2 Analogue Watch. From CERO."
"Women Analogue Watch","ACC-00099","17.36","81","accessories,timex,women","https://assets.myntassets.com/f_webp,dpr_1.0,q_60,w_210,c_limit,fl_progressive/assets/images/22744374/2023/4/28/99b3b06e-a9bd-480a-bac5-77e96ff9fe181682674337346TimexWomenBraceletStyleStrapsAnalogueWatchTWEL99SMU081.jpg","Women Analogue Watch. From Timex."
"Women Low-Rise Bikini Briefs","APP-00152","5.51","51","clothing,curves by zerokaata,women","https://assets.myntassets.com/f_webp,dpr_1.0,q_60,w_210,c_limit,fl_progressive/assets/images/22846092/2023/4/21/4995e991-5ef4-4bec-8fd3-82580c4201001682060021136Briefs1.jpg","Women Low-Rise Bikini Briefs. From Curves By ZeroKaata."
"Women Lace Thongs Briefs","APP-00153","5.51","84","clothing,curves by zerokaata,women","https://assets.myntassets.com/f_webp,dpr_1.0,q_60,w_210,c_limit,fl_progressive/assets/images/22846104/2023/4/21/e119ff95-e8e6-40d0-abd3-ced211596c651682057397545Briefs1.jpg","Women Lace Thongs Briefs. From Curves By ZeroKaata."
"Women Thongs Briefs","APP-00154","5.51","23","clothing,curves by zerokaata,women","https://assets.myntassets.com/f_webp,dpr_1.0,q_60,w_210,c_limit,fl_progressive/assets/images/22846094/2023/4/21/4a28aef2-f389-4081-8f4f-c2361d0858041682057006359Briefs1.jpg","Women Thongs Briefs. From Curves By ZeroKaata."
"Women Boy Shorts Briefs","APP-00155","5.51","80","clothing,curves by zerokaata,women","https://assets.myntassets.com/f_webp,dpr_1.0,q_60,w_210,c_limit,fl_progressive/assets/images/22846088/2023/4/21/d34efd10-510b-4bab-8eb5-d26f96fee20d1682059952992Briefs1.jpg","Women Boy Shorts Briefs. From Curves By ZeroKaata."
"Women Plus Size Lingerie Set","APP-00156","8.4","54","clothing,curves by zerokaata,women","https://assets.myntassets.com/f_webp,dpr_1.0,q_60,w_210,c_limit,fl_progressive/assets/images/22846100/2023/4/21/6ff62794-b58d-4c5d-bc8d-fc507efd44761682060441188LingerieSet1.jpg","Women Plus Size Lingerie Set. From Curves By ZeroKaata."
"Women Plus Size Lingerie Set","APP-00157","8.4","95","clothing,curves by zerokaata,women","https://assets.myntassets.com/f_webp,dpr_1.0,q_60,w_210,c_limit,fl_progressive/assets/images/22846098/2023/4/21/7349c5aa-5a93-4a23-b377-a080b0ba2a811682065817939LingerieSet1.jpg","Women Plus Size Lingerie Set. From Curves By ZeroKaata."
"Women Lace Hipster Briefs","APP-00158","5.51","11","clothing,curves by zerokaata,women","https://assets.myntassets.com/f_webp,dpr_1.0,q_60,w_210,c_limit,fl_progressive/assets/images/22846102/2023/4/21/84bb782d-f0d5-43b6-8c38-3d2f1042fb4f1682061747702Briefs1.jpg","Women Lace Hipster Briefs. From Curves By ZeroKaata."
"Slim Fit Cotton Churidar","APP-00159","7.13","53","clothing,cotton,secrets by zerokaata,slim","https://assets.myntassets.com/f_webp,dpr_1.0,q_60,w_210,c_limit,fl_progressive/assets/images/22706068/2023/4/8/87e010e1-28e0-4f5b-832d-5ca839ed96441680948273705WomenSolidSlimFitCottonChuridar1.jpg","Slim Fit Cotton Churidar. From SECRETS BY ZEROKAATA."
"Pack of 2 Cover Up Dress","APP-00160","31.32","62","clothing,secrets by zerokaata","https://assets.myntassets.com/f_webp,dpr_1.0,q_60,w_210,c_limit,fl_progressive/assets/images/22622080/2023/4/27/fb3299f0-994e-434a-a81e-ec754dfe77991682589421471-SECRETS-BY-ZEROKAATA-Women-Pack-of-2-Printed-Cotton-Swimwear-1.jpg","Pack of 2 Cover Up Dress. From SECRETS BY ZEROKAATA."
"Pack of 2 Cover Up Dress","APP-00161","28.7","13","clothing,secrets by zerokaata","https://assets.myntassets.com/f_webp,dpr_1.0,q_60,w_210,c_limit,fl_progressive/assets/images/22622094/2023/4/27/6be8fd26-8a80-4a9e-a8b4-2d965866f52f1682589530560-SECRETS-BY-ZEROKAATA-Women-Pack-of-2-Printed-Cotton-Swimwear-1.jpg","Pack of 2 Cover Up Dress. From SECRETS BY ZEROKAATA."
"Cotton Slim-Fit Churidar","APP-00162","7.13","54","clothing,cotton,secrets by zerokaata,slim","https://assets.myntassets.com/f_webp,dpr_1.0,q_60,w_210,c_limit,fl_progressive/assets/images/22586972/2023/4/10/e5277e14-9bfb-4841-90ad-62c96631eb071681116826556-SECRETS-BY-ZEROKAATA-Cotton-Slim-Fit-4-Way-Stretch-Churidar--1.jpg","Cotton Slim-Fit Churidar. From SECRETS BY ZEROKAATA."
"Pack Of 2 Cover Up Dress","APP-00163","28.7","85","clothing,secrets by zerokaata","https://assets.myntassets.com/f_webp,dpr_1.0,q_60,w_210,c_limit,fl_progressive/assets/images/22622076/2023/4/3/e7214812-802d-433a-b073-3de5924891131680522271824WomenPackof2PrintedKaftanCoverUpDress1.jpg","Pack Of 2 Cover Up Dress. From SECRETS BY ZEROKAATA."
"Pack Of 2 Cover-up Dress","APP-00164","31.32","97","clothing,secrets by zerokaata","https://assets.myntassets.com/f_webp,dpr_1.0,q_60,w_210,c_limit,fl_progressive/assets/images/22622096/2023/4/3/d97de659-3d7b-4751-b895-7b63e9a64e821680520979795WomenPackof2PrintedCottonKaftanCoverUpDress1.jpg","Pack Of 2 Cover-up Dress. From SECRETS BY ZEROKAATA."
"Pack Of 2 Cover Up Dress","APP-00165","31.32","41","clothing,secrets by zerokaata","https://assets.myntassets.com/f_webp,dpr_1.0,q_60,w_210,c_limit,fl_progressive/assets/images/22622084/2023/4/27/44b6ddb3-3631-46a0-9978-1b01bd3f08f71682589462995-SECRETS-BY-ZEROKAATA-Women-Pack-Of-2-Printed-Cotton-Kaftan-C-1.jpg","Pack Of 2 Cover Up Dress. From SECRETS BY ZEROKAATA."
"Pack Of 2 Cover-up Dress","APP-00166","31.32","61","clothing,secrets by zerokaata","https://assets.myntassets.com/f_webp,dpr_1.0,q_60,w_210,c_limit,fl_progressive/assets/images/22622092/2023/4/27/da982076-111f-4bee-970e-557079bb87aa1682589497435-SECRETS-BY-ZEROKAATA-Pack-Of-2-Printed-Cotton-Kaftan-Cover-U-1.jpg","Pack Of 2 Cover-up Dress. From SECRETS BY ZEROKAATA."
"Pack Of 2 Cover Up Dress","APP-00167","28.7","28","clothing,secrets by zerokaata","https://assets.myntassets.com/f_webp,dpr_1.0,q_60,w_210,c_limit,fl_progressive/assets/images/22622074/2023/4/3/d93accbd-b711-4275-bb30-a71daf3c28631680526758833WomenPackof2PrintedKaftanCoverUpDress1.jpg","Pack Of 2 Cover Up Dress. From SECRETS BY ZEROKAATA."
"Pack Of 2 Cover Up Dress","APP-00168","28.7","50","clothing,secrets by zerokaata","https://assets.myntassets.com/f_webp,dpr_1.0,q_60,w_210,c_limit,fl_progressive/assets/images/22622088/2023/4/3/2173c19b-070a-4d5a-9151-e44d1bd433bc1680538698762WomenPackof2PrintedKaftanCoverUpDress1.jpg","Pack Of 2 Cover Up Dress. From SECRETS BY ZEROKAATA."
"Pack Of 2 Cover Up Dress","APP-00169","28.7","43","clothing,secrets by zerokaata","https://assets.myntassets.com/f_webp,dpr_1.0,q_60,w_210,c_limit,fl_progressive/assets/images/22622090/2023/4/3/eb24bbf7-1c79-4a54-8f76-aaa2fce46bfe1680526796904WomenPackof2PrintedKaftanCoverUpDress1.jpg","Pack Of 2 Cover Up Dress. From SECRETS BY ZEROKAATA."
"Pack Of 2 Cover Up Dress","APP-00170","31.32","15","clothing,secrets by zerokaata","https://assets.myntassets.com/f_webp,dpr_1.0,q_60,w_210,c_limit,fl_progressive/assets/images/22622082/2023/4/3/1da5189c-cec5-4f89-8e43-281dbadd507b1680531165683WomenPackof2PrintedCottonKaftanCoverUpDress1.jpg","Pack Of 2 Cover Up Dress. From SECRETS BY ZEROKAATA."
"Pack Of 2 Cover Up Dress","APP-00171","28.7","71","clothing,secrets by zerokaata","https://assets.myntassets.com/f_webp,dpr_1.0,q_60,w_210,c_limit,fl_progressive/assets/images/22622078/2023/4/27/9e154fda-7d7a-4469-bae0-0cac946e804a1682589383371-SECRETS-BY-ZEROKAATA-Pack-Of-2-Printed-Kaftan-Cover-Up-Dress-1.jpg","Pack Of 2 Cover Up Dress. From SECRETS BY ZEROKAATA."
"Pack Of 2 Cover Up Dress","APP-00172","31.32","52","clothing,secrets by zerokaata","https://assets.myntassets.com/f_webp,dpr_1.0,q_60,w_210,c_limit,fl_progressive/assets/images/22622086/2023/4/3/1aafd223-aa25-4e63-ab55-dea5eeb1211d1680538446275WomenPackof2PrintedCottonKaftanCoverUpDress1.jpg","Pack Of 2 Cover Up Dress. From SECRETS BY ZEROKAATA."
"Seamless Skirt Shapewear","APP-00173","8.28","30","clothing,secrets by zerokaata","https://assets.myntassets.com/f_webp,dpr_1.0,q_60,w_210,c_limit,fl_progressive/assets/images/22466400/2023/3/22/87e73170-29c8-47e3-bd8f-3abe9f42eb061679481869659WomenSeamlessSkirtShapewear1.jpg","Seamless Skirt Shapewear. From SECRETS BY ZEROKAATA."
"Seamless Shapewear Skirt","APP-00174","8.28","28","clothing,secrets by zerokaata","https://assets.myntassets.com/f_webp,dpr_1.0,q_60,w_210,c_limit,fl_progressive/assets/images/22466404/2023/3/22/8910a649-279e-4f25-8ea4-a20574d844731679490191827WomenSeamlessSkirtShapewear1.jpg","Seamless Shapewear Skirt. From SECRETS BY ZEROKAATA."
"Seamless Skirt Shapewear","APP-00175","8.28","52","clothing,secrets by zerokaata","https://assets.myntassets.com/f_webp,dpr_1.0,q_60,w_210,c_limit,fl_progressive/assets/images/22466402/2023/3/22/5e2a0147-669d-4497-bb31-d6e6fc2652821679473261153WomenSeamlessSkirtShapewear1.jpg","Seamless Skirt Shapewear. From SECRETS BY ZEROKAATA."
"4 Way Stretch Churidar Length Leggings","APP-00176","7.13","70","clothing,secrets by zerokaata","https://assets.myntassets.com/f_webp,dpr_1.0,q_60,w_210,c_limit,fl_progressive/assets/images/22305652/2023/3/13/1ba5abe5-0d89-4eb6-a78f-2a3efb461d831678686043819WomenSolidChuridarLengthLeggings1.jpg","4 Way Stretch Churidar Length Leggings. From SECRETS BY ZEROKAATA."
"4 Way Stretch Cotton Leggings","APP-00177","7.13","99","clothing,cotton,secrets by zerokaata","https://assets.myntassets.com/f_webp,dpr_1.0,q_60,w_210,c_limit,fl_progressive/assets/images/22305648/2023/3/13/b86aac54-3d0b-4577-881d-53080009d7941678695497478WomenSolidChuridarLengthLeggings1.jpg","4 Way Stretch Cotton Leggings. From SECRETS BY ZEROKAATA."
"4 Way Stretch Churidar Length Leggings","APP-00178","7.13","86","clothing,secrets by zerokaata","https://assets.myntassets.com/f_webp,dpr_1.0,q_60,w_210,c_limit,fl_progressive/assets/images/22305656/2023/3/13/6d9c507e-d32d-4a7e-a16b-c46358de9c841678686052263WomenSolidChuridarLengthLeggings1.jpg","4 Way Stretch Churidar Length Leggings. From SECRETS BY ZEROKAATA."
"4 Way Stretch Churidar Length Leggings","APP-00179","7.13","88","clothing,secrets by zerokaata","https://assets.myntassets.com/f_webp,dpr_1.0,q_60,w_210,c_limit,fl_progressive/assets/images/22305650/2023/3/13/93308924-267b-4e65-906d-6b6624a669e41678688441233WomenSolidChuridarLengthLeggings1.jpg","4 Way Stretch Churidar Length Leggings. From SECRETS BY ZEROKAATA."
"4 Way Stretch Cotton Leggings","APP-00180","7.13","35","clothing,cotton,secrets by zerokaata","https://assets.myntassets.com/f_webp,dpr_1.0,q_60,w_210,c_limit,fl_progressive/assets/images/22305646/2023/3/13/ec96d5ca-c8a1-415a-a5be-e4d4bd4e852b1678688516765WomenSolidChuridarLengthLeggings1.jpg","4 Way Stretch Cotton Leggings. From SECRETS BY ZEROKAATA."
"Kurta with Trousers","APP-00181","16.31","59","clothing,sringam","https://assets.myntassets.com/f_webp,dpr_1.0,q_60,w_210,c_limit,fl_progressive/assets/images/22127490/2023/2/25/07fef634-7843-4d95-95b9-e38886b96ac21677323720433GreenEmbroideredKurtawithPants1.jpg","Kurta with Trousers. From Sringam."
"Plus Size Printed Cotton Kurta","APP-00182","11.87","17","clothing,cotton,printed,sringam","https://assets.myntassets.com/f_webp,dpr_1.0,q_60,w_210,c_limit,fl_progressive/assets/images/22127518/2023/2/25/44005df5-a967-4524-923d-954151a31a2e1677323836018SringamWomenOffWhiteGeometricEmbroideredKurta1.jpg","Plus Size Printed Cotton Kurta. From Sringam."
"Ethnic Motifs Printed Kurta","APP-00183","11.87","37","clothing,ethnic,printed,sringam","https://assets.myntassets.com/f_webp,dpr_1.0,q_60,w_210,c_limit,fl_progressive/assets/images/22127496/2023/2/25/80154123-ec09-4ada-98b2-dfcd6c50cfd91677323622284SringamWomenBlackEthnicMotifsPrintedKurta1.jpg","Ethnic Motifs Printed Kurta. From Sringam."
"Straight Kurta with Trousers","APP-00184","15.43","74","clothing,sringam","https://assets.myntassets.com/f_webp,dpr_1.0,q_60,w_210,c_limit,fl_progressive/assets/images/22127510/2023/2/25/71682b6b-3307-4b5d-9f62-4ae94011ccc21677323629506SeaGreenEmbroideredKurtawithPants1.jpg","Straight Kurta with Trousers. From Sringam."
"Plus Size Kurta with Trousers","APP-00185","18.76","80","clothing,sringam","https://assets.myntassets.com/f_webp,dpr_1.0,q_60,w_210,c_limit,fl_progressive/assets/images/22127502/2023/2/26/15e5c5a2-a73d-459e-9b20-7dddbfc1b3ec1677367806247SringamWomenGreenFloralPrintedBeadsandStonesPureCottonKurtaw1.jpg","Plus Size Kurta with Trousers. From Sringam."
"Plus Size Silk Cotton Kurta","APP-00186","10.28","39","clothing,cotton,silk,sringam","https://assets.myntassets.com/f_webp,dpr_1.0,q_60,w_210,c_limit,fl_progressive/assets/images/22127494/2023/2/25/fead50f5-878f-455a-a10c-90b20b13c0f31677327496644SringamWomenOrangeYokeDesignFlaredSleevesKurta1.jpg","Plus Size Silk Cotton Kurta. From Sringam."
"Plus Size  Printed Kurta","APP-00187","11.51","10","clothing,printed,sringam","https://assets.myntassets.com/f_webp,dpr_1.0,q_60,w_210,c_limit,fl_progressive/assets/images/22127524/2023/2/25/62a6415b-9b83-4672-9653-9e0f940e4df11677326531705SringamWomenPeach-ColouredPaisleyPrintedThreadWorkKurta1.jpg","Plus Size  Printed Kurta. From Sringam."
"Printed Kurta with Trousers","APP-00188","18.35","60","clothing,printed,sringam","https://assets.myntassets.com/f_webp,dpr_1.0,q_60,w_210,c_limit,fl_progressive/assets/images/22127504/2023/2/25/9e5b26c3-741f-444b-a64c-7caea5007fda1677323736887RedPrintedPlusSizeKurtawithPants1.jpg","Printed Kurta with Trousers. From Sringam."
"Floral Printed Cotton Kurta","APP-00189","11.47","74","clothing,cotton,floral,printed,sringam","https://assets.myntassets.com/f_webp,dpr_1.0,q_60,w_210,c_limit,fl_progressive/assets/images/22127498/2023/2/25/e037ea5d-14c0-41e4-b553-460764d5b3101677325188552SringamWomenBlackFloralPrintedKeyholeNeckFlaredSleevesGottaP1.jpg","Floral Printed Cotton Kurta. From Sringam."
"Embroidered Silk Cotton Kurta","APP-00190","11.41","50","clothing,cotton,embroidered,silk,sringam","https://assets.myntassets.com/f_webp,dpr_1.0,q_60,w_210,c_limit,fl_progressive/assets/images/22127520/2023/2/25/145a808f-f475-4061-92f6-0d036ae161481677325651411SringamWomenRedEmbroideredThreadWorkKurta1.jpg","Embroidered Silk Cotton Kurta. From Sringam."
"Plus Size Kurta with Trousers","APP-00191","16.79","88","clothing,sringam","https://assets.myntassets.com/f_webp,dpr_1.0,q_60,w_210,c_limit,fl_progressive/assets/images/22127506/2023/2/25/609114b5-a62a-4cf5-a31b-c5c33397ab821677323780969PurpleSolidEmbroideredPlusSizeKurtawithPants1.jpg","Plus Size Kurta with Trousers. From Sringam."
"Women Geometric Embroidered Kurta","APP-00192","11.41","41","clothing,embroidered,sringam,women","https://assets.myntassets.com/f_webp,dpr_1.0,q_60,w_210,c_limit,fl_progressive/assets/images/22127522/2023/2/25/fe27617a-8c8c-49be-bdee-bdc57d156fee1677323836740SringamWomenGreenGeometricEmbroideredKeyholeNeckCold-Shoulde1.jpg","Women Geometric Embroidered Kurta. From Sringam."
"Ethnic Motifs Printed Kurta","APP-00193","11.12","56","clothing,ethnic,printed,sringam","https://assets.myntassets.com/f_webp,dpr_1.0,q_60,w_210,c_limit,fl_progressive/assets/images/22127526/2023/2/25/237d88e9-fa23-42db-9be7-bb56033ac8a81677323840874SringamWomenYellowEthnicMotifsPrintedKurta1.jpg","Ethnic Motifs Printed Kurta. From Sringam."
"Printed Extended Sleeves Top","APP-00194","9.78","45","clothing,printed,ruhaans","https://assets.myntassets.com/f_webp,dpr_1.0,q_60,w_210,c_limit,fl_progressive/assets/images/22033752/2023/2/18/8e40c343-c25a-4956-a124-d2c82013fc421676703739412RuhaansBlackPrintTop1.jpg","Printed Extended Sleeves Top. From Ruhaans."
"Striped A-Line Midi Dress","APP-00195","9.92","24","clothing,flamboyant,striped","https://assets.myntassets.com/f_webp,dpr_1.0,q_60,w_210,c_limit,fl_progressive/assets/images/22039246/2023/2/18/4079b181-a65e-42a5-8255-df9bdc3edc371676722354520FLAMBOYANTBlackStripedA-LineMidiDress1.jpg","Striped A-Line Midi Dress. From FLAMBOYANT."
"Women Parallel Trousers","APP-00196","14.39","44","clothing,next one,women","https://assets.myntassets.com/f_webp,dpr_1.0,q_60,w_210,c_limit,fl_progressive/assets/images/22006894/2023/2/16/e07a9207-07d3-4bdd-9daf-79c70bbb3bda1676560766832NextOneWomenBlackStraightFitHigh-RiseEasyWashTrousers1.jpg","Women Parallel Trousers. From Next One."
"Mandarin Collar Shirt Style Top","APP-00197","9.53","19","clothing,malhaar","https://assets.myntassets.com/f_webp,dpr_1.0,q_60,w_210,c_limit,fl_progressive/assets/images/21441872/2023/2/17/18199184-3188-4b69-8832-cc9b80ef56101676624623908-MALHAAR-Mandarin-Collar-Shirt-Style-Top-8221676624623266-1.jpg","Mandarin Collar Shirt Style Top. From MALHAAR."
"Ethnic Motifs Printed Pure Cotton Kurti","APP-00198","5.99","11","clothing,cotton,ethnic,feranoid,printed","https://assets.myntassets.com/f_webp,dpr_1.0,q_60,w_210,c_limit,fl_progressive/assets/images/22011378/2023/2/16/5c5ff9f9-7d20-4b8d-aaca-498191157cdc1676564245890FeranoidPrintedShortKurti1.jpg","Ethnic Motifs Printed Pure Cotton Kurti. From FERANOID."
"Checked Shirt Style Top","APP-00199","14.39","41","checked,clothing,idk","https://assets.myntassets.com/f_webp,dpr_1.0,q_60,w_210,c_limit,fl_progressive/assets/images/22015018/2023/2/17/f5edef2e-882d-46e1-b9f3-5b902296c1921676617572906IDKGreenGeometricPrintMandarinCollarTop1.jpg","Checked Shirt Style Top. From IDK."
"Puff-Sleeved Top","APP-00200","11.99","77","clothing,h&m","https://assets.myntassets.com/f_webp,dpr_1.0,q_60,w_210,c_limit,fl_progressive/assets/images/22005360/2023/2/16/7dd3f3af-2d3a-42c2-b638-203bfabf09731676554461412Puff-sleevedtop1.jpg","Puff-Sleeved Top. From H&M."
"Women Plus Size Shirt","APP-00201","7.19","99","clothing,sztori,women","https://assets.myntassets.com/f_webp,dpr_1.0,q_60,w_210,c_limit,fl_progressive/assets/images/20693468/2023/2/3/79a2f5d3-ef47-4068-bba6-218a8d23b2341675415190980-Sztori-Women-Blue-Casual-Shirt-5481675415190370-1.jpg","Women Plus Size Shirt. From Sztori."
"UV Protected Oval Sunglasses","ACC-00100","59.99","64","accessories,resist eyewear","https://assets.myntassets.com/f_webp,dpr_1.0,q_60,w_210,c_limit,fl_progressive/assets/images/22929228/2023/4/28/d185c277-f806-42e9-8054-70aee12b4e081682632941317RESISTEYEWEAROVALUVPROTECTIONBLACKFREESIZESUNGLASSESFORMENAN1.jpg","UV Protected Oval Sunglasses. From RESIST EYEWEAR."
"Aviator Sunglasses","ACC-00101","10.84","35","accessories,magneq","https://assets.myntassets.com/f_webp,dpr_1.0,q_60,w_210,c_limit,fl_progressive/assets/images/22886240/2023/4/25/352afc0f-a1df-4545-a8ab-7afa4ff815641682410373949MAGNEQPilotShapedPurplePolaroizedUnisexSunglassesMG2207SC3551.jpg","Aviator Sunglasses. From MAGNEQ."
"Wayfarer Sunglasses","ACC-00102","12.52","64","accessories,magneq","https://assets.myntassets.com/f_webp,dpr_1.0,q_60,w_210,c_limit,fl_progressive/assets/images/22893028/2023/4/25/0eff27dd-a150-4245-babb-4d76610c72791682431804733MAGNEQSqureShapedGreenPolaroizedUnisexSunglassesMG91511SC3541.jpg","Wayfarer Sunglasses. From MAGNEQ."
"Women Rectangle Sunglasses","ACC-00103","15.54","44","20dresses,accessories,women","https://assets.myntassets.com/f_webp,dpr_1.0,q_60,w_210,c_limit,fl_progressive/assets/images/22901158/2023/4/25/1dd1c4d0-8461-4453-8016-f3674af7dcac168244244962320DressesBlueRectangularSolidSunglassesForWomen1.jpg","Women Rectangle Sunglasses. From 20Dresses."
"Rectangle Sunglasses","ACC-00104","7.74","66","accessories,magneq","https://assets.myntassets.com/f_webp,dpr_1.0,q_60,w_210,c_limit,fl_progressive/assets/images/22893048/2023/4/25/1a5fa8bc-1807-47e1-93c4-557948c777631682430671720MAGNEQRectangularShapedGreyPolaroizedUnisexSunglassesMG8774S1.jpg","Rectangle Sunglasses. From MAGNEQ."
"Women Cateye Sunglasses","ACC-00105","16.74","91","20dresses,accessories,women","https://assets.myntassets.com/f_webp,dpr_1.0,q_60,w_210,c_limit,fl_progressive/assets/images/22901150/2023/4/25/7e7929bf-286f-4ccd-b939-665c82af60f4168244208273420DressesBrownAnimalPrintCatEyeCasualSunglassesForWomen1.jpg","Women Cateye Sunglasses. From 20Dresses."
"Wayfarer Sunglasses","ACC-00106","10.84","96","accessories,magneq","https://assets.myntassets.com/f_webp,dpr_1.0,q_60,w_210,c_limit,fl_progressive/assets/images/22893040/2023/4/25/a7dd2827-3b6f-4c9d-bfd9-85c0a25b1dfc1682430686102MAGNEQSqureShapedUnisexPurpleSunglassesMG1630SC258181.jpg","Wayfarer Sunglasses. From MAGNEQ."
"Square Sunglasses","ACC-00107","10.84","82","accessories,magneq","https://assets.myntassets.com/f_webp,dpr_1.0,q_60,w_210,c_limit,fl_progressive/assets/images/22886236/2023/4/25/f2959f3c-8c11-4714-bf16-bd86ec5e03291682410372583MAGNEQSquareShapedBrownPolaroizedUnisexSunglassesMG7366SP3521.jpg","Square Sunglasses. From MAGNEQ."
"Wayfarer Sunglasses","ACC-00108","10.84","26","accessories,magneq","https://assets.myntassets.com/f_webp,dpr_1.0,q_60,w_210,c_limit,fl_progressive/assets/images/22886230/2023/4/25/458d2805-7eb9-4883-8c21-05af5d0ee3f71682410369401MAGNEQSqureShapedUnisexBrownSunglassesMG8305SC256181.jpg","Wayfarer Sunglasses. From MAGNEQ."
"Wayfarer Sunglasses","ACC-00109","8.15","69","accessories,peter jones eyewear","https://assets.myntassets.com/f_webp,dpr_1.0,q_60,w_210,c_limit,fl_progressive/assets/images/22928024/2023/4/28/d5ed2936-bf74-4e0e-8079-f870fe3a34a81682629493941UnisexGreyLensBlackSquareSunglasseswithPolarisedLens1.jpg","Wayfarer Sunglasses. From Peter Jones Eyewear."
"Women Cateye Sunglasses","ACC-00110","15.54","23","20dresses,accessories,women","https://assets.myntassets.com/f_webp,dpr_1.0,q_60,w_210,c_limit,fl_progressive/assets/images/22901156/2023/4/26/a8ed8659-b781-44d2-95d6-10d6ed024751168247473419820DressesGreenOvalThickSunglassesForWomen1.jpg","Women Cateye Sunglasses. From 20Dresses."
"Aviator Sunglasses","ACC-00111","10.84","94","accessories,magneq","https://assets.myntassets.com/f_webp,dpr_1.0,q_60,w_210,c_limit,fl_progressive/assets/images/22886224/2023/4/25/cfdf60f9-277f-49f5-8944-cfc304c71f961682416971734MAGNEQPilotShapedBluePolaroizedUnisexSunglassesMG23128SC35611.jpg","Aviator Sunglasses. From MAGNEQ."
"Aviator Sunglasses","ACC-00112","10.84","92","accessories,magneq","https://assets.myntassets.com/f_webp,dpr_1.0,q_60,w_210,c_limit,fl_progressive/assets/images/22886234/2023/4/25/05dcac44-0b00-462e-a6f1-132860be69d51682410372012MAGNEQPilotShapedBrownPolaroizedUnisexSunglassesMG23128SC2561.jpg","Aviator Sunglasses. From MAGNEQ."
"Square Sunglasses","ACC-00113","7.74","11","accessories,magneq","https://assets.myntassets.com/f_webp,dpr_1.0,q_60,w_210,c_limit,fl_progressive/assets/images/22893044/2023/4/25/09460c45-ae51-4c48-83a0-eca60eda01931682430661769MAGNEQRectangularShapedGreenPolaroizedUnisexSunglassesMG87741.jpg","Square Sunglasses. From MAGNEQ."
"Wayfarer Sunglasses","ACC-00114","12.52","12","accessories,magneq","https://assets.myntassets.com/f_webp,dpr_1.0,q_60,w_210,c_limit,fl_progressive/assets/images/22886254/2023/4/25/c81dd6d6-efb0-4553-8af7-6a78e9c9870f1682410385698MAGNEQSqureShapedUnisexBlackSunglassesMG2140SC156181.jpg","Wayfarer Sunglasses. From MAGNEQ."
"Wayfarer Sunglasses","ACC-00115","12.52","65","accessories,magneq","https://assets.myntassets.com/f_webp,dpr_1.0,q_60,w_210,c_limit,fl_progressive/assets/images/22886218/2023/4/25/18bb58d9-c42c-48b6-891c-f5eb5bfba2441682408679593MAGNEQSqureShapedPolaroizedUnisexBlueSunglassesMG2140SC456181.jpg","Wayfarer Sunglasses. From MAGNEQ."
"Wayfarer Sunglasses","ACC-00116","12.52","76","accessories,magneq","https://assets.myntassets.com/f_webp,dpr_1.0,q_60,w_210,c_limit,fl_progressive/assets/images/22893046/2023/4/25/23ad47d4-450a-4427-a021-75adb8c5f7851682430738422MAGNEQSqureShapedUnisexGreenSunglassesMG91511SC454211.jpg","Wayfarer Sunglasses. From MAGNEQ."
"Wayfarer Sunglasses","ACC-00117","12.52","95","accessories,magneq","https://assets.myntassets.com/f_webp,dpr_1.0,q_60,w_210,c_limit,fl_progressive/assets/images/22893034/2023/4/25/2ff32a87-74de-40cd-8f2e-197012757d041682430756140MAGNEQSqureShapedGreenPolaroizedUnisexSunglassesMG91511SP1541.jpg","Wayfarer Sunglasses. From MAGNEQ."
"Wayfarer Sunglasses","ACC-00118","10.84","82","accessories,magneq","https://assets.myntassets.com/f_webp,dpr_1.0,q_60,w_210,c_limit,fl_progressive/assets/images/22886244/2023/4/25/93075df7-75b3-430d-af83-61085a78ee221682410383479MAGNEQSquareShapedPurplePolaroizedUnisexSunglassesMG7366SP251.jpg","Wayfarer Sunglasses. From MAGNEQ."
"Aviator Sunglasses","ACC-00119","10.84","29","accessories,magneq","https://assets.myntassets.com/f_webp,dpr_1.0,q_60,w_210,c_limit,fl_progressive/assets/images/22886222/2023/4/25/8686b40c-e513-468a-9f36-016d7760a0971682416970612MAGNEQPilotShapedBrownPolaroizedUnisexSunglassesMG2207SC25511.jpg","Aviator Sunglasses. From MAGNEQ."
"Square Sunglasses","ACC-00120","9.06","94","accessories,peter jones eyewear","https://assets.myntassets.com/f_webp,dpr_1.0,q_60,w_210,c_limit,fl_progressive/assets/images/22901206/2023/4/25/fddcbd0a-2c26-4e61-be24-b3ccc667b69a1682442202471UnisexBlackSquareSunglasseswithUVProtectedLens1.jpg","Square Sunglasses. From Peter Jones Eyewear."
"Wayfarer Sunglasses","ACC-00121","12.52","47","accessories,magneq","https://assets.myntassets.com/f_webp,dpr_1.0,q_60,w_210,c_limit,fl_progressive/assets/images/22886228/2023/4/25/39fd31dd-61e0-4bf3-a176-a4eb65da9d7a1682416971655MAGNEQSqureShapedPolaroizedUnisexHanavaSunglassesMG2140SC2561.jpg","Wayfarer Sunglasses. From MAGNEQ."
"Wayfarer Sunglasses","ACC-00122","12.52","45","accessories,magneq","https://assets.myntassets.com/f_webp,dpr_1.0,q_60,w_210,c_limit,fl_progressive/assets/images/22886232/2023/4/25/44cfc59d-77c7-4d0b-b3e9-1c0ef5ba529f1682410369355MAGNEQSqureShapedPolaroizedUnisexBrownSunglassesMG2140SC35611.jpg","Wayfarer Sunglasses. From MAGNEQ."
"Wayfarer Sunglasses","ACC-00123","10.84","75","accessories,magneq","https://assets.myntassets.com/f_webp,dpr_1.0,q_60,w_210,c_limit,fl_progressive/assets/images/22886238/2023/4/25/cf061ddb-1824-4747-8110-a5feecdddb161682410376771MAGNEQSquareShapedBrownPolaroizedUnisexSunglassesMG7368SP2521.jpg","Wayfarer Sunglasses. From MAGNEQ."
"Wayfarer Sunglasses","ACC-00124","12.52","34","accessories,magneq","https://assets.myntassets.com/f_webp,dpr_1.0,q_60,w_210,c_limit,fl_progressive/assets/images/22893018/2023/4/25/a04b0ccc-44cb-42fd-ab6c-a90c13fbc99a1682430775431MAGNEQSqureShapedBlackPolaroizedUnisexSunglassesMG91511SC1541.jpg","Wayfarer Sunglasses. From MAGNEQ."
"Wayfarer Sunglasses","ACC-00125","10.84","12","accessories,magneq","https://assets.myntassets.com/f_webp,dpr_1.0,q_60,w_210,c_limit,fl_progressive/assets/images/22886216/2023/4/25/77fcccdc-adee-4ee8-b79f-a7d76abad5621682410367768MAGNEQSquareShapedBlackPolaroizedUnisexSunglassesMG7366SP1521.jpg","Wayfarer Sunglasses. From MAGNEQ."
"Wayfarer Sunglasses","ACC-00126","12.52","83","accessories,magneq","https://assets.myntassets.com/f_webp,dpr_1.0,q_60,w_210,c_limit,fl_progressive/assets/images/22886226/2023/4/25/f8f0f6ae-298c-45e0-b58e-5c89ed06aaa51682416974566MAGNEQSqureShapedPolaroizedUnisexMatt-BlackSunglassesMG2140S1.jpg","Wayfarer Sunglasses. From MAGNEQ."
"Rectangle Sunglasses","ACC-00127","7.74","88","accessories,magneq","https://assets.myntassets.com/f_webp,dpr_1.0,q_60,w_210,c_limit,fl_progressive/assets/images/22893030/2023/4/25/071480f0-988c-4553-a942-e3aec3b990661682430784087MAGNEQRectangularShapedBrownPolaroizedUnisexSunglassesMG87741.jpg","Rectangle Sunglasses. From MAGNEQ."
"Aviator Sunglasses","ACC-00128","10.84","13","accessories,magneq","https://assets.myntassets.com/f_webp,dpr_1.0,q_60,w_210,c_limit,fl_progressive/assets/images/22886220/2023/4/25/b59b7913-4c15-4594-b486-7e9c520360e51682410368169MAGNEQPilotShapedPurplePolaroizedUnisexSunglassesMG23128SC151.jpg","Aviator Sunglasses. From MAGNEQ."
"Square Sunglasses","ACC-00129","7.33","57","accessories,peter jones eyewear","https://assets.myntassets.com/f_webp,dpr_1.0,q_60,w_210,c_limit,fl_progressive/assets/images/22901214/2023/4/25/c54f7394-3202-47b0-a277-c2ba7c6e96ed1682442166873UnisexBrownSquareSunglassesWithUVProtectedLens1.jpg","Square Sunglasses. From Peter Jones Eyewear."
"Square Sunglasses","ACC-00130","7.19","81","accessories,peter jones eyewear","https://assets.myntassets.com/f_webp,dpr_1.0,q_60,w_210,c_limit,fl_progressive/assets/images/22901212/2023/4/26/e8fd8956-8f07-41e8-b1f5-4fb97d9090081682474743138UnisexSquareTransparentLightBlockingSunglasses1.jpg","Square Sunglasses. From Peter Jones Eyewear."
"Rectangle Sunglasses","ACC-00131","7.74","82","accessories,magneq","https://assets.myntassets.com/f_webp,dpr_1.0,q_60,w_210,c_limit,fl_progressive/assets/images/22893020/2023/4/25/a41d3e2e-acfb-441e-8679-a570262d489f1682430777808MAGNEQRectangularShapedPurplePolaroizedUnisexSunglassesMG8771.jpg","Rectangle Sunglasses. From MAGNEQ."
"Wayfarer Sunglasses","ACC-00132","10.84","92","accessories,magneq","https://assets.myntassets.com/f_webp,dpr_1.0,q_60,w_210,c_limit,fl_progressive/assets/images/22893024/2023/4/25/7e992cb7-d5d7-4746-9840-03c0fd7844ed1682431077365MAGNEQSqureShapedUnisexPurpleSunglassesMG1626SC255181.jpg","Wayfarer Sunglasses. From MAGNEQ."
"Wayfarer Sunglasses","ACC-00133","10.84","39","accessories,magneq","https://assets.myntassets.com/f_webp,dpr_1.0,q_60,w_210,c_limit,fl_progressive/assets/images/22893022/2023/4/25/e279cf50-0eae-4693-9edd-dd41ebd7843e1682430779546MAGNEQSqureShapedUnisexBrownSunglassesMG1630SC158181.jpg","Wayfarer Sunglasses. From MAGNEQ."
"Aviator Sunglasses","ACC-00134","10.84","11","accessories,magneq","https://assets.myntassets.com/f_webp,dpr_1.0,q_60,w_210,c_limit,fl_progressive/assets/images/22886242/2023/4/25/0c49d3c1-a591-4b27-b141-24e052d9235e1682410374838MAGNEQPilotShapedGreenPolaroizedUnisexSunglassesMG23128SC4561.jpg","Aviator Sunglasses. From MAGNEQ."
"Round Sunglasses","ACC-00135","7.91","81","accessories,peter jones eyewear","https://assets.myntassets.com/f_webp,dpr_1.0,q_60,w_210,c_limit,fl_progressive/assets/images/22901216/2023/4/25/9dd2cd46-c589-442d-a2bb-4710a344eadf1682442171267UnisexYellowRoundSunglasseswithUVProtectedLens-3319OG1.jpg","Round Sunglasses. From Peter Jones Eyewear."
"Square Sunglasses","ACC-00136","7.33","90","accessories,peter jones eyewear","https://assets.myntassets.com/f_webp,dpr_1.0,q_60,w_210,c_limit,fl_progressive/assets/images/22901208/2023/4/25/bf064428-a679-44fd-a0b9-fe5f2ecc5ac11682442163931UnisexBrownSquareSunglasseswithUVProtectedLens1.jpg","Square Sunglasses. From Peter Jones Eyewear."
"Aviator Sunglasses","ACC-00137","10.84","39","accessories,magneq","https://assets.myntassets.com/f_webp,dpr_1.0,q_60,w_210,c_limit,fl_progressive/assets/images/22886214/2023/4/25/a0304438-0ed1-438f-80c1-3a1eae16126e1682408685297MAGNEQPilotShapedGreyPolaroizedUnisexSunglassesMG2207SC455181.jpg","Aviator Sunglasses. From MAGNEQ."
"Women Square Sunglasses","ACC-00138","15.54","99","20dresses,accessories,women","https://assets.myntassets.com/f_webp,dpr_1.0,q_60,w_210,c_limit,fl_progressive/assets/images/22901152/2023/4/25/131baf46-a8d9-4c61-ae12-da6f9b7315fd168244209987220DressesCreamRoundEverydayEssentialSunglassesForWomen1.jpg","Women Square Sunglasses. From 20Dresses."
"Aviator Sunglasses","ACC-00139","10.84","98","accessories,magneq","https://assets.myntassets.com/f_webp,dpr_1.0,q_60,w_210,c_limit,fl_progressive/assets/images/22886246/2023/4/25/60abf45a-e580-4daa-b6b4-805339e2c6771682410418070MAGNEQPilotShapedHavanaPolaroizedUnisexSunglassesMG2207SC1551.jpg","Aviator Sunglasses. From MAGNEQ."
"Square Sunglasses","ACC-00140","8.44","30","accessories,peter jones eyewear","https://assets.myntassets.com/f_webp,dpr_1.0,q_60,w_210,c_limit,fl_progressive/assets/images/22901210/2023/4/26/278794df-3c98-4775-83c1-cfad80de7c7d1682474742991UnisexBlackSquareSunglasseswithPolarisedLens1.jpg","Square Sunglasses. From Peter Jones Eyewear."
"Wayfarer Sunglasses","ACC-00141","10.84","12","accessories,magneq","https://assets.myntassets.com/f_webp,dpr_1.0,q_60,w_210,c_limit,fl_progressive/assets/images/22886252/2023/4/25/36227ff8-574e-4a73-ac78-06ed9be570881682410387399MAGNEQSqureShapedUnisexBlackSunglassesMG8305SC156181.jpg","Wayfarer Sunglasses. From MAGNEQ."
"Women Rectangle Sunglasses","ACC-00142","16.74","99","20dresses,accessories,women","https://assets.myntassets.com/f_webp,dpr_1.0,q_60,w_210,c_limit,fl_progressive/assets/images/22901154/2023/4/25/f0435771-ae3c-492e-a8ad-8e6d47e266b9168244244476420DressesCreamRectangularSunglassesForWomen1.jpg","Women Rectangle Sunglasses. From 20Dresses."
"UV Protected Oval Sunglasses","ACC-00143","21.59","89","accessories,resist eyewear","https://assets.myntassets.com/f_webp,dpr_1.0,q_60,w_210,c_limit,fl_progressive/assets/images/22913686/2023/4/27/75b1d238-0b32-435e-b8d6-23eac6214f811682539415826RESISTEYEWEAROVALUVPROTECTIONBLACKFREESIZESUNGLASSESFORMENAN1.jpg","UV Protected Oval Sunglasses. From RESIST EYEWEAR."
"Cateye Sunglasses","ACC-00144","10.84","14","accessories,magneq","https://assets.myntassets.com/f_webp,dpr_1.0,q_60,w_210,c_limit,fl_progressive/assets/images/22893032/2023/4/25/7205d2ee-9857-4db6-8930-4020da539f681682430763977MAGNEQSqureShapedUnisexBrownSunglassesMG1626SC155181.jpg","Cateye Sunglasses. From MAGNEQ."
"Square Sunglasses","ACC-00145","10.84","78","accessories,magneq","https://assets.myntassets.com/f_webp,dpr_1.0,q_60,w_210,c_limit,fl_progressive/assets/images/22886248/2023/4/25/352d00c6-cea9-45e2-89f4-26cc2333be4b1682410380920MAGNEQSquareShapedPurplePolaroizedUnisexSunglassesMG7368SP151.jpg","Square Sunglasses. From MAGNEQ."
"Wayfarer Sunglasses","ACC-00146","12.52","58","accessories,magneq","https://assets.myntassets.com/f_webp,dpr_1.0,q_60,w_210,c_limit,fl_progressive/assets/images/22893042/2023/4/25/ddbb8787-87a6-4471-8543-3391accc93581682430700534MAGNEQSqureShapedBrownPolaroizedUnisexSunglassesMG91511SC2541.jpg","Wayfarer Sunglasses. From MAGNEQ."
"Women Square Sunglasses","ACC-00147","17.94","58","20dresses,accessories,women","https://assets.myntassets.com/f_webp,dpr_1.0,q_60,w_210,c_limit,fl_progressive/assets/images/22901160/2023/4/26/5c17e8aa-cdf7-445a-9423-6357d6754054168247473685920DressesOffWhiteThickSquareSunglassesForWomen1.jpg","Women Square Sunglasses. From 20Dresses."
"Aviator Sunglasses","ACC-00148","43.8","58","accessories,levis","https://assets.myntassets.com/f_webp,dpr_1.0,q_60,w_210,c_limit,fl_progressive/assets/images/22890992/2023/4/25/d0082168-e934-4e94-b665-6718fec1f5121682425624302LevisMirroredAviatorUnisexSunglasses1.jpg","Aviator Sunglasses. From Levis."
"Women Cateye Sunglasses","ACC-00149","21.36","76","accessories,irus by idee,women","https://assets.myntassets.com/f_webp,dpr_1.0,q_60,w_210,c_limit,fl_progressive/assets/images/22848370/2023/4/21/fb8af7fd-5f34-4bf1-aa54-c01b571f350e1682074761678Sunglasses1.jpg","Women Cateye Sunglasses. From IRUS by IDEE."
"Women Sliders","APP-00202","15.59","87","clothing,jumplite,women","https://assets.myntassets.com/f_webp,dpr_1.0,q_60,w_210,c_limit,fl_progressive/assets/images/22935474/2023/4/28/93a0316b-ea89-4de7-a4f9-323a975031101682681897789JUMPLITEDogWomenBlueFlipFlop-36Euro1.jpg","Women Sliders. From JUMPLITE."
"Textured Block Pump Heels","SHOE-00001","11.88","99","mast & harbour,shoes","https://assets.myntassets.com/f_webp,dpr_1.0,q_60,w_210,c_limit,fl_progressive/assets/images/22940244/2023/4/28/91f4e864-91cf-4414-a7c6-b771999672a41682687299525MastHarbourPurplePrintedPUBlockPumps1.jpg","Textured Block Pump Heels. From Mast & Harbour."
"Women Embellished TStrap Flats","SHOE-00002","41.99","61","shoes,skechers,women","https://assets.myntassets.com/f_webp,dpr_1.0,q_60,w_210,c_limit,fl_progressive/assets/images/20883034/2023/4/21/6c391c4a-fd5d-437b-aa8b-f59fe1fcb9701682062836310-Skechers-Women-Sandals-1721682062835809-1.jpg","Women Embellished TStrap Flats. From Skechers."
"Women Open Toe Flats","SHOE-00003","7.79","50","shoes,walkway by metro,women","https://assets.myntassets.com/f_webp,dpr_1.0,q_60,w_210,c_limit,fl_progressive/assets/images/22929182/2023/4/28/68c9515c-080e-46d2-aa37-98b74f592af61682668006592WALKWAYbyMetroWomenBlueOpenToeFlatswithBuckles1.jpg","Women Open Toe Flats. From WALKWAY by Metro."
"Women Open Toe Flats","SHOE-00004","7.01","62","anouk,shoes,women","https://assets.myntassets.com/f_webp,dpr_1.0,q_60,w_210,c_limit,fl_progressive/assets/images/22962336/2023/4/29/d2f30093-1d27-42bb-a9e3-2291519de6101682778678614AnoukWomenPeach-ColouredPrintedOpenToeFlats1.jpg","Women Open Toe Flats. From Anouk."
"Women Printed Sliders","APP-00203","15.59","28","clothing,jumplite,printed,women","https://assets.myntassets.com/f_webp,dpr_1.0,q_60,w_210,c_limit,fl_progressive/assets/images/22935594/2023/4/28/cca6435d-4a4e-4a09-b280-61b886712bf81682681761551JUMPLITEKittyWomenRedFlipFlop-36Euro1.jpg","Women Printed Sliders. From JUMPLITE."
"Textured PU Block Pumps Heels","SHOE-00005","11.88","34","mast & harbour,shoes","https://assets.myntassets.com/f_webp,dpr_1.0,q_60,w_210,c_limit,fl_progressive/assets/images/22940254/2023/4/28/fd794507-df1e-4e64-9fbb-e9a5a5ac94b81682683285796MastHarbourSilver-TonedPrintedPUBlockPumps1.jpg","Textured PU Block Pumps Heels. From Mast & Harbour."
"Open Toe Wedges","APP-00204","9.59","90","clothing,hasten","https://assets.myntassets.com/f_webp,dpr_1.0,q_60,w_210,c_limit,fl_progressive/assets/images/22928888/2023/4/28/c6f9abb1-132b-438e-8b84-b155a53af1e21682655697678HASTENOrangeWedgePumps1.jpg","Open Toe Wedges. From HASTEN."
"Women Sliders","APP-00205","15.59","84","clothing,jumplite,women","https://assets.myntassets.com/f_webp,dpr_1.0,q_60,w_210,c_limit,fl_progressive/assets/images/22935418/2023/4/28/4f44760b-a1ce-4a1d-8e56-212fe03cfb131682676443867JUMPLITELoveSuperStarWomenPinkFlipFlop-36Euro1.jpg","Women Sliders. From JUMPLITE."
"Open Toe Flatform Heels","SHOE-00006","10.79","33","hasten,shoes","https://assets.myntassets.com/f_webp,dpr_1.0,q_60,w_210,c_limit,fl_progressive/assets/images/22928866/2023/4/28/95f57a69-7cc4-4d85-9e0b-1f1c12a1c58f1682672912032HASTENBlueWedgePeepToeswithBuckles1.jpg","Open Toe Flatform Heels. From HASTEN."
"Women Flyknit Sports Shoes","SHOE-00007","23.99","42","jumplite,shoes,sport,sports,women","https://assets.myntassets.com/f_webp,dpr_1.0,q_60,w_210,c_limit,fl_progressive/assets/images/22913322/2023/4/26/4bad895f-fbbf-472e-be3a-eb03784bc56f1682533751657JUMPLITEV-3WomenBlackRunningShoes-36Euro1.jpg","Women Flyknit Sports Shoes. From JUMPLITE."
"Women Open Toe Flats","SHOE-00008","11.99","60","shoes,walkfree,women","https://assets.myntassets.com/f_webp,dpr_1.0,q_60,w_210,c_limit,fl_progressive/assets/images/22955240/2023/4/29/7bf96b72-6a25-41a2-a2e6-d834e19bf3ff1682763323778WalkfreeWomenPeach-ColouredEmbellishedOpenToeFlats1.jpg","Women Open Toe Flats. From Walkfree."
"Women Striped Sliders","APP-00206","15.59","47","clothing,jumplite,striped,women","https://assets.myntassets.com/f_webp,dpr_1.0,q_60,w_210,c_limit,fl_progressive/assets/images/22935500/2023/4/28/b283e5b6-253a-4e68-b62a-73af001906071682686373890JUMPLITEFourline-FWomenBlueFlipFlop-36Euro1.jpg","Women Striped Sliders. From JUMPLITE."
"Women Flyknit Running Shoes","SHOE-00009","23.99","85","jumplite,shoes,women","https://assets.myntassets.com/f_webp,dpr_1.0,q_60,w_210,c_limit,fl_progressive/assets/images/22920106/2023/4/27/937e9e82-8976-44d6-b9e1-ab7b8ccd1e7d1682607221687JUMPLITEV-2WomenBlackRunningShoes-36Euro1.jpg","Women Flyknit Running Shoes. From JUMPLITE."
"Women Sliders","APP-00207","15.59","18","clothing,jumplite,women","https://assets.myntassets.com/f_webp,dpr_1.0,q_60,w_210,c_limit,fl_progressive/assets/images/22935514/2023/4/28/9382e2dd-6c38-4a32-9ce2-7ffdb64c1b101682686462910JUMPLITEDogWomenBlackFlipFlop-36Euro1.jpg","Women Sliders. From JUMPLITE."
"Women Sliders","APP-00208","15.59","17","clothing,jumplite,women","https://assets.myntassets.com/f_webp,dpr_1.0,q_60,w_210,c_limit,fl_progressive/assets/images/22935426/2023/4/28/23b6cea2-a42a-447a-b884-a11e656f1bb91682676882742JUMPLITEDogWomenPinkFlipFlop-36Euro1.jpg","Women Sliders. From JUMPLITE."
"Women Flyknit Running Shoes","SHOE-00010","23.99","42","jumplite,shoes,women","https://assets.myntassets.com/f_webp,dpr_1.0,q_60,w_210,c_limit,fl_progressive/assets/images/22920092/2023/4/27/6f81f397-0891-4587-b5de-d7fafcdcdb2c1682607197725JUMPLITEA-1WomenBlackRunningShoes-36Euro1.jpg","Women Flyknit Running Shoes. From JUMPLITE."
"Future Rider Pastel Sneakers","SHOE-00011","107.99","47","puma,shoes","https://assets.myntassets.com/f_webp,dpr_1.0,q_60,w_210,c_limit,fl_progressive/assets/images/22602758/2023/4/19/1787ae9f-c1ce-4d71-8738-878eba7d75db1681896854528PumaWomenColourblockedFutureRiderPastelSneakers1.jpg","Future Rider Pastel Sneakers. From Puma."
"Women Striped Sliders","APP-00209","15.59","51","clothing,jumplite,striped,women","https://assets.myntassets.com/f_webp,dpr_1.0,q_60,w_210,c_limit,fl_progressive/assets/images/22935548/2023/4/28/14682f70-257b-4757-9987-cd7d3289105c1682686473553JUMPLITEStripsWomenBlackFlipFlop-36Euro1.jpg","Women Striped Sliders. From JUMPLITE."
"Women Printed Sliders","APP-00210","15.59","99","clothing,jumplite,printed,women","https://assets.myntassets.com/f_webp,dpr_1.0,q_60,w_210,c_limit,fl_progressive/assets/images/22935484/2023/4/28/ebc467e2-a133-4ac4-b2c1-c9423fc056f11682681900370JUMPLITEPub-G-FWomenBlackFlipFlop-36Euro1.jpg","Women Printed Sliders. From JUMPLITE."
"Women Bow Detail Open Toe Flat","APP-00211","11.99","68","clothing,mast & harbour,women","https://assets.myntassets.com/f_webp,dpr_1.0,q_60,w_210,c_limit,fl_progressive/assets/images/21398764/2023/4/27/5a21338f-7fc1-4166-8f46-e9e0728e754d1682593001737-Mast--Harbour-Women-Flats-5411682593000700-1.jpg","Women Bow Detail Open Toe Flat. From Mast & Harbour."
"Women Printed Sliders","APP-00212","15.59","87","clothing,jumplite,printed,women","https://assets.myntassets.com/f_webp,dpr_1.0,q_60,w_210,c_limit,fl_progressive/assets/images/22935412/2023/4/29/08b10990-6ae8-4944-b679-9221fe0f352b1682707041757JUMPLITEKittyWomenBlackFlipFlop-36Euro1.jpg","Women Printed Sliders. From JUMPLITE."
"Women Printed Sliders","APP-00213","15.59","98","clothing,jumplite,printed,women","https://assets.myntassets.com/f_webp,dpr_1.0,q_60,w_210,c_limit,fl_progressive/assets/images/22935646/2023/4/28/bcc4d5d7-4053-48b5-8797-32a49aa47a211682678649685JUMPLITEDenimFlowerWomenGreyFlipFlop-36Euro1.jpg","Women Printed Sliders. From JUMPLITE."
"Textured PU Block Pumps Heels","SHOE-00012","11.88","36","mast & harbour,shoes","https://assets.myntassets.com/f_webp,dpr_1.0,q_60,w_210,c_limit,fl_progressive/assets/images/22940248/2023/4/28/6ea5443a-74bb-4ec8-aae6-ead26109573e1682677530114MastHarbourGreyPUBlockPumps1.jpg","Textured PU Block Pumps Heels. From Mast & Harbour."
"Slim Heeled Pumps","SHOE-00013","10.79","87","hasten,shoes,slim","https://assets.myntassets.com/f_webp,dpr_1.0,q_60,w_210,c_limit,fl_progressive/assets/images/22928872/2023/4/28/a32a3892-f37d-4311-8fee-7ed2fa5809d21682672547134HASTENCream-ColouredEmbellishedSlimHeeledPumpswithBuckles1.jpg","Slim Heeled Pumps. From HASTEN."
"Women Flyknit Sports Shoes","SHOE-00014","23.99","77","jumplite,shoes,sport,sports,women","https://assets.myntassets.com/f_webp,dpr_1.0,q_60,w_210,c_limit,fl_progressive/assets/images/22913326/2023/4/27/18a31992-0f58-4069-9983-1dfe96c3b2e41682539399960JUMPLITEV-4WomenPurpleRunningShoes-36Euro1.jpg","Women Flyknit Sports Shoes. From JUMPLITE."
"Women Embellished Sliders","APP-00214","15.59","47","clothing,jumplite,women","https://assets.myntassets.com/f_webp,dpr_1.0,q_60,w_210,c_limit,fl_progressive/assets/images/22935576/2023/4/28/1cea52fe-4c2c-47d2-90c3-53ab5e44a35a1682681742683JUMPLITEGlitterWomenGreyFlipFlop-36Euro1.jpg","Women Embellished Sliders. From JUMPLITE."
"Women Textured Open Toe Flats","SHOE-00015","10.13","52","shoes,walkway by metro,women","https://assets.myntassets.com/f_webp,dpr_1.0,q_60,w_210,c_limit,fl_progressive/assets/images/22929224/2023/4/28/bd7674af-b6c7-4a81-b911-736e6048c06a1682669379048WALKWAYbyMetroWomenBlackColourblockedOpenToeFlats1.jpg","Women Textured Open Toe Flats. From WALKWAY by Metro."
"Alice V4 Thong Flip Flops","SHOE-00016","17.99","67","puma,shoes","https://assets.myntassets.com/f_webp,dpr_1.0,q_60,w_210,c_limit,fl_progressive/assets/images/22602728/2023/4/19/9c71e110-4e28-46bd-b3f7-4b42ef936fcd1681902093156AliceV4WomensFlipflops1.jpg","Alice V4 Thong Flip Flops. From Puma."
"Cut-Out One Toe Flats","SHOE-00017","17.99","10","pepper,shoes","https://assets.myntassets.com/f_webp,dpr_1.0,q_60,w_210,c_limit,fl_progressive/assets/images/22923874/2023/4/27/c57fe2cf-ccea-4576-9730-e62d0ac968061682608943311PEPPERWomenPeach-ColouredEthnicOneToeFlats1.jpg","Cut-Out One Toe Flats. From PEPPER."
"Wedge Sandals with Buckles","SHOE-00018","17.99","57","shoes,walkfree","https://assets.myntassets.com/f_webp,dpr_1.0,q_60,w_210,c_limit,fl_progressive/assets/images/22955280/2023/4/29/2790e159-5c06-4333-ae71-e5c170be71741682759019261WalkfreeWhiteWedgeSandalswithBuckles1.jpg","Wedge Sandals with Buckles. From Walkfree."
"Women Sliders","APP-00215","15.59","46","clothing,jumplite,women","https://assets.myntassets.com/f_webp,dpr_1.0,q_60,w_210,c_limit,fl_progressive/assets/images/22935534/2023/4/28/50d27879-9c90-4f7f-9919-359cc0cdb1401682686479744JUMPLITEPlanetWomenPinkFlipFlop-36Euro1.jpg","Women Sliders. From JUMPLITE."
"Women Open Toe Flats","SHOE-00019","11.69","25","shoes,walkway by metro,women","https://assets.myntassets.com/f_webp,dpr_1.0,q_60,w_210,c_limit,fl_progressive/assets/images/22929214/2023/4/28/2c4114ca-a542-4660-87d3-913585e8ac2c1682659188030WALKWAYbyMetroWomenPeach-ColouredColourblockedOpenToeFlats1.jpg","Women Open Toe Flats. From WALKWAY by Metro."
"Women Printed Thong Flip-Flops","SHOE-00020","5.39","39","chupps,printed,shoes,women","https://assets.myntassets.com/f_webp,dpr_1.0,q_60,w_210,c_limit,fl_progressive/assets/images/22928834/2023/4/28/1791e98c-195c-4c6a-9377-5131a769f3911682629341845ChuppsKaleenCollectionNAVY1.jpg","Women Printed Thong Flip-Flops. From CHUPPS."
"Women Textured One Toe Flats","SHOE-00021","14.39","85","brauch,shoes,women","https://assets.myntassets.com/f_webp,dpr_1.0,q_60,w_210,c_limit,fl_progressive/assets/images/22910848/2023/4/27/a3f1b7bf-aba1-42e2-9455-7d4e3d564f2d1682575412617BrauchWomenBlackEthnicBallerinaswithBucklesFlats1.jpg","Women Textured One Toe Flats. From Brauch."
"Women Printed Sliders","APP-00216","15.59","67","clothing,jumplite,printed,women","https://assets.myntassets.com/f_webp,dpr_1.0,q_60,w_210,c_limit,fl_progressive/assets/images/22935470/2023/4/28/5076ab63-5e63-46e1-9507-5aca5445c11e1682680043434JUMPLITEFLoralWomenBlackFlipFlop-36Euro1.jpg","Women Printed Sliders. From JUMPLITE."
"Women Flyknit Sports Shoes","SHOE-00022","23.99","85","jumplite,shoes,sport,sports,women","https://assets.myntassets.com/f_webp,dpr_1.0,q_60,w_210,c_limit,fl_progressive/assets/images/22913334/2023/4/27/52ddf91c-1df5-4273-9240-430ce6bdd93c1682533855159JUMPLITEV-4WomenGreyRunningShoes-36Euro1.jpg","Women Flyknit Sports Shoes. From JUMPLITE."
"Women Printed Sliders","APP-00217","15.59","76","clothing,jumplite,printed,women","https://assets.myntassets.com/f_webp,dpr_1.0,q_60,w_210,c_limit,fl_progressive/assets/images/22935422/2023/4/28/801c7909-fe04-4600-ac85-ceb36636e3911682679031357JUMPLITEPub-G-FWomenBlueFlipFlop-36Euro1.jpg","Women Printed Sliders. From JUMPLITE."
"Women Flyknit Sports Shoes","SHOE-00023","23.99","58","jumplite,shoes,sport,sports,women","https://assets.myntassets.com/f_webp,dpr_1.0,q_60,w_210,c_limit,fl_progressive/assets/images/22920108/2023/4/27/703a75a9-bc25-4dc9-b119-5e9fbc2cbf9b1682607217643JUMPLITEV-2WomeMaroonRunningShoes-36Euro1.jpg","Women Flyknit Sports Shoes. From JUMPLITE."
"Women Air Running Shoes","SHOE-00024","23.99","41","jumplite,shoes,women","https://assets.myntassets.com/f_webp,dpr_1.0,q_60,w_210,c_limit,fl_progressive/assets/images/22913342/2023/4/26/fd386b7c-25c0-485e-8bab-6717fec2422d1682532827073JUMPLITEH-4WomenPinkRunningShoes-36Euro1.jpg","Women Air Running Shoes. From JUMPLITE."
"Women Sliders","APP-00218","15.59","45","clothing,jumplite,women","https://assets.myntassets.com/f_webp,dpr_1.0,q_60,w_210,c_limit,fl_progressive/assets/images/22935502/2023/4/28/9144cdf9-d1d6-40b9-a547-6772ce9300ef1682686458636JUMPLITEPeachWomenRedFlipFlop-36Euro1.jpg","Women Sliders. From JUMPLITE."
"Women Printed Sliders","APP-00219","15.59","66","clothing,jumplite,printed,women","https://assets.myntassets.com/f_webp,dpr_1.0,q_60,w_210,c_limit,fl_progressive/assets/images/22935486/2023/4/28/4d0d0ee9-00a9-455e-9303-cfde18e00f271682681920161JUMPLITEPandaWomenBlackFlipFlop-36Euro1.jpg","Women Printed Sliders. From JUMPLITE."
"Women Sliders","APP-00220","15.59","74","clothing,jumplite,women","https://assets.myntassets.com/f_webp,dpr_1.0,q_60,w_210,c_limit,fl_progressive/assets/images/22935630/2023/4/28/26de585b-46b7-4f77-9edf-811b23d176811682679021778JUMPLITEStrawberryWomenBlueFlipFlop-36Euro1.jpg","Women Sliders. From JUMPLITE."
"Women Printed Sliders","APP-00221","15.59","18","clothing,jumplite,printed,women","https://assets.myntassets.com/f_webp,dpr_1.0,q_60,w_210,c_limit,fl_progressive/assets/images/22935600/2023/4/28/3a30d083-a662-4f0d-b6cb-4b12f78eae5c1682681769517JUMPLITEMickyMinnieWomenRedFlipFlop-36Euro1.jpg","Women Printed Sliders. From JUMPLITE."
"Women Mesh Running Shoes","SHOE-00025","15.59","44","shoes,sparx,women","https://assets.myntassets.com/f_webp,dpr_1.0,q_60,w_210,c_limit,fl_progressive/assets/images/22919502/2023/4/28/5a7327a2-e57b-40a8-a000-f02e0ff9cd761682635326376SparxWomenNavyBlueRedSportsShoes1.jpg","Women Mesh Running Shoes. From Sparx."
"Women Embellished Sliders","APP-00222","15.59","82","clothing,jumplite,women","https://assets.myntassets.com/f_webp,dpr_1.0,q_60,w_210,c_limit,fl_progressive/assets/images/22935444/2023/4/28/c48206b9-b8cf-405d-ad50-7fd0086cd93d1682679403510JUMPLITEStripsWomenGreyFlipFlop-36Euro1.jpg","Women Embellished Sliders. From JUMPLITE."
"Women Printed Thong Flip-Flops","SHOE-00026","4.79","17","cassiey,printed,shoes,women","https://assets.myntassets.com/f_webp,dpr_1.0,q_60,w_210,c_limit,fl_progressive/assets/images/22926582/2023/4/28/1147e0c5-271d-4dd6-893e-0a7fc72392351682630572495FlipFlops1.jpg","Women Printed Thong Flip-Flops. From CASSIEY."
"Women Printed Slip-On Sneakers","SHOE-00027","5.75","52","mast & harbour,printed,shoes,women","https://assets.myntassets.com/f_webp,dpr_1.0,q_60,w_210,c_limit,fl_progressive/assets/images/20911446/2023/4/27/aeab00f9-daf8-4711-bcd5-5d10c2d2d7d91682592983814-Mast--Harbour-Women-Flats-8651682592983556-1.jpg","Women Printed Slip-On Sneakers. From Mast & Harbour."
"Studded T-Strap Flats","SHOE-00028","17.99","97","dressberry,shoes","https://assets.myntassets.com/f_webp,dpr_1.0,q_60,w_210,c_limit,fl_progressive/assets/images/22870338/2023/4/24/fa3cfe00-61c4-4503-a4bb-8a393229aa4f1682351988673Sandals1.jpg","Studded T-Strap Flats. From DressBerry."
"Women Ballerinas Flats","SHOE-00029","29.51","26","dressberry,shoes,women","https://assets.myntassets.com/f_webp,dpr_1.0,q_60,w_210,c_limit,fl_progressive/assets/images/22928360/2023/4/27/8bbae0dc-4b0b-4359-b26a-b61f79374ee01682616402818DressBerryWomenNavyBlueBallerinasFlats1.jpg","Women Ballerinas Flats. From DressBerry."
"Women Pack Of 3 Yoga Shorts","APP-00223","6.9","33","clothing,jinfo,women","https://assets.myntassets.com/f_webp,dpr_1.0,q_60,w_210,c_limit,fl_progressive/assets/images/22945740/2023/4/28/eeb4cb0b-d991-42b7-943e-360bae6332bf1682687168225JinfoWomenBeigeYogaSportsShorts1.jpg","Women Pack Of 3 Yoga Shorts. From Jinfo."
"Women Flyknit Sports Shoes","SHOE-00030","23.99","18","jumplite,shoes,sport,sports,women","https://assets.myntassets.com/f_webp,dpr_1.0,q_60,w_210,c_limit,fl_progressive/assets/images/22913322/2023/4/26/4bad895f-fbbf-472e-be3a-eb03784bc56f1682533751657JUMPLITEV-3WomenBlackRunningShoes-36Euro1.jpg","Women Flyknit Sports Shoes. From JUMPLITE."
"Women High Rise Knitted Tights","APP-00224","18.23","69","clothing,sweet dreams,women","https://assets.myntassets.com/f_webp,dpr_1.0,q_60,w_210,c_limit,fl_progressive/assets/images/22892006/2023/4/25/fffd6ec5-87b8-41a6-81c1-d4d3e85b81401682417321821SweetDreamsWomenSolidAnkleTights1.jpg","Women High Rise Knitted Tights. From Sweet Dreams."
"Women Flyknit Running Shoes","SHOE-00031","23.99","96","jumplite,shoes,women","https://assets.myntassets.com/f_webp,dpr_1.0,q_60,w_210,c_limit,fl_progressive/assets/images/22920106/2023/4/27/937e9e82-8976-44d6-b9e1-ab7b8ccd1e7d1682607221687JUMPLITEV-2WomenBlackRunningShoes-36Euro1.jpg","Women Flyknit Running Shoes. From JUMPLITE."
"Women Flyknit Running Shoes","SHOE-00032","23.99","65","jumplite,shoes,women","https://assets.myntassets.com/f_webp,dpr_1.0,q_60,w_210,c_limit,fl_progressive/assets/images/22920092/2023/4/27/6f81f397-0891-4587-b5de-d7fafcdcdb2c1682607197725JUMPLITEA-1WomenBlackRunningShoes-36Euro1.jpg","Women Flyknit Running Shoes. From JUMPLITE."
"Women Skinny Sports Shorts","APP-00225","5.17","43","bralux,clothing,sport,sports,women","https://assets.myntassets.com/f_webp,dpr_1.0,q_60,w_210,c_limit,fl_progressive/assets/images/22951856/2023/4/29/2b861d79-6a67-4c01-8b93-092bed5155fd1682743897418BraluxWomenBlackSkinnyFitLow-RiseCyclingSportsShorts1.jpg","Women Skinny Sports Shorts. From Bralux."
"Women Cotton Track Pants","APP-00226","8.35","30","clora creation,clothing,cotton,women","https://assets.myntassets.com/f_webp,dpr_1.0,q_60,w_210,c_limit,fl_progressive/assets/images/22907700/2023/4/26/7099f536-0334-4b4a-819e-f48c056a41321682506177236CloraDarkGreySolidMidRiseCottonTrackpants1.jpg","Women Cotton Track Pants. From Clora Creation."
"Women Cotton Track Pants","APP-00227","8.35","82","clora creation,clothing,cotton,women","https://assets.myntassets.com/f_webp,dpr_1.0,q_60,w_210,c_limit,fl_progressive/assets/images/22907698/2023/4/26/9c7f7f3c-3385-4edc-94c4-3ef7d310034e1682506199927CloraAquaBlueSolidMidRiseCottonTrackpants1.jpg","Women Cotton Track Pants. From Clora Creation."
"Bra Solid","APP-00228","6.23","70","clothing,plumbury,solid","https://assets.myntassets.com/f_webp,dpr_1.0,q_60,w_210,c_limit,fl_progressive/assets/images/22959202/2023/4/29/88267a56-ab5d-4db1-b221-790ec756cdb71682773608869Bra1.jpg","Bra Solid. From PLUMBURY."
"Women Pack Of 3 Yoga Shorts","APP-00229","6.9","69","clothing,jinfo,women","https://assets.myntassets.com/f_webp,dpr_1.0,q_60,w_210,c_limit,fl_progressive/assets/images/22945724/2023/4/28/40b61e23-db17-445b-98d4-4fb09bff99121682688591914JinfoWomenBeigeYogaSportsShorts1.jpg","Women Pack Of 3 Yoga Shorts. From Jinfo."
"Women Cotton Track Pants","APP-00230","8.35","37","clora creation,clothing,cotton,women","https://assets.myntassets.com/f_webp,dpr_1.0,q_60,w_210,c_limit,fl_progressive/assets/images/22907702/2023/4/26/ea33aad0-8f6b-4a60-b209-7c158e4391da1682506282486CloraBlackSolidMidRiseCottonTrackpants1.jpg","Women Cotton Track Pants. From Clora Creation."
"Women Cotton Joggers","APP-00231","23.99","69","clothing,cotton,kepa,women","https://assets.myntassets.com/f_webp,dpr_1.0,q_60,w_210,c_limit,fl_progressive/assets/images/22899758/2023/4/25/b31e915a-26b2-419e-8d2a-1674929e2c601682431527300KepaRegularFitCottonRibTrackpantsForWomen1.jpg","Women Cotton Joggers. From KEPA."
"Women Pack Of 3 Yoga Shorts","APP-00232","6.9","24","clothing,jinfo,women","https://assets.myntassets.com/f_webp,dpr_1.0,q_60,w_210,c_limit,fl_progressive/assets/images/22945752/2023/4/28/6b730b34-1381-43c5-951a-7e06dcd8c4b61682687825231JinfoWomenPinkColourblockedYogaSportsShorts1.jpg","Women Pack Of 3 Yoga Shorts. From Jinfo."
"Women Pack Of 3 Sports Shorts","APP-00233","6.9","11","clothing,jinfo,sport,sports,women","https://assets.myntassets.com/f_webp,dpr_1.0,q_60,w_210,c_limit,fl_progressive/assets/images/22945736/2023/4/29/df90a549-7482-4514-9f30-6594640b5c591682741382322JinfoWomenBeigeYogaSportsShorts1.jpg","Women Pack Of 3 Sports Shorts. From Jinfo."
"Women Pack Of 3 Yoga Shorts","APP-00234","6.9","14","clothing,jinfo,women","https://assets.myntassets.com/f_webp,dpr_1.0,q_60,w_210,c_limit,fl_progressive/assets/images/22945726/2023/4/28/b51a89dc-ac4c-49f9-b052-2aea10d9e80e1682683656865JinfoWomenBeigeYogaSportsShorts1.jpg","Women Pack Of 3 Yoga Shorts. From Jinfo."
"Women Flyknit Sports Shoes","SHOE-00033","23.99","86","jumplite,shoes,sport,sports,women","https://assets.myntassets.com/f_webp,dpr_1.0,q_60,w_210,c_limit,fl_progressive/assets/images/22913326/2023/4/27/18a31992-0f58-4069-9983-1dfe96c3b2e41682539399960JUMPLITEV-4WomenPurpleRunningShoes-36Euro1.jpg","Women Flyknit Sports Shoes. From JUMPLITE."
"Maternity Patterned Tights","APP-00235","131.99","37","adidas,clothing","https://assets.myntassets.com/f_webp,dpr_1.0,q_60,w_210,c_limit,fl_progressive/assets/images/22916166/2023/4/27/e40ec29e-a768-4b5c-ba03-38609656944a1682582926644Tights1.jpg","Maternity Patterned Tights. From ADIDAS."
"Women Flyknit Sports Shoes","SHOE-00034","23.99","48","jumplite,shoes,sport,sports,women","https://assets.myntassets.com/f_webp,dpr_1.0,q_60,w_210,c_limit,fl_progressive/assets/images/22913334/2023/4/27/52ddf91c-1df5-4273-9240-430ce6bdd93c1682533855159JUMPLITEV-4WomenGreyRunningShoes-36Euro1.jpg","Women Flyknit Sports Shoes. From JUMPLITE."
"Women Flyknit Sports Shoes","SHOE-00035","23.99","51","jumplite,shoes,sport,sports,women","https://assets.myntassets.com/f_webp,dpr_1.0,q_60,w_210,c_limit,fl_progressive/assets/images/22920108/2023/4/27/703a75a9-bc25-4dc9-b119-5e9fbc2cbf9b1682607217643JUMPLITEV-2WomeMaroonRunningShoes-36Euro1.jpg","Women Flyknit Sports Shoes. From JUMPLITE."
"Women Air Running Shoes","SHOE-00036","23.99","35","jumplite,shoes,women","https://assets.myntassets.com/f_webp,dpr_1.0,q_60,w_210,c_limit,fl_progressive/assets/images/22913342/2023/4/26/fd386b7c-25c0-485e-8bab-6717fec2422d1682532827073JUMPLITEH-4WomenPinkRunningShoes-36Euro1.jpg","Women Air Running Shoes. From JUMPLITE."
"STELLA MCCARTNEY LOGO T-Shirt","APP-00236","59.99","46","adidas,clothing","https://assets.myntassets.com/f_webp,dpr_1.0,q_60,w_210,c_limit,fl_progressive/assets/images/22916198/2023/4/27/98ebc1dd-f043-479c-8969-3009e77bcb891682590253999Tshirts1.jpg","STELLA MCCARTNEY LOGO T-Shirt. From ADIDAS."
"Women Mesh Running Shoes","SHOE-00037","15.59","44","shoes,sparx,women","https://assets.myntassets.com/f_webp,dpr_1.0,q_60,w_210,c_limit,fl_progressive/assets/images/22919502/2023/4/28/5a7327a2-e57b-40a8-a000-f02e0ff9cd761682635326376SparxWomenNavyBlueRedSportsShoes1.jpg","Women Mesh Running Shoes. From Sparx."
"Ankle-Length Gym Tights","APP-00237","119.99","51","adidas,clothing","https://assets.myntassets.com/f_webp,dpr_1.0,q_60,w_210,c_limit,fl_progressive/assets/images/22916158/2023/4/27/59ba4d0b-42dc-4769-a9b9-e3a4343316be1682583624834Tights1.jpg","Ankle-Length Gym Tights. From ADIDAS."
"Women Plus Size Jogger","APP-00238","23.99","66","clothing,kepa,women","https://assets.myntassets.com/f_webp,dpr_1.0,q_60,w_210,c_limit,fl_progressive/assets/images/22899794/2023/4/25/17b6728b-6482-4eeb-a59d-c420c8fb66ed1682431464010KepaPlusSizeCottonTrackpantsForWomen1.jpg","Women Plus Size Jogger. From KEPA."
"SPORTSWEAR Sweatshirt","APP-00239","179.99","74","adidas,clothing,sport,sports","https://assets.myntassets.com/f_webp,dpr_1.0,q_60,w_210,c_limit,fl_progressive/assets/images/22916150/2023/4/27/e2353474-9b48-4713-8c48-21c1bca9f6e91682590249652Sweatshirts1.jpg","SPORTSWEAR Sweatshirt. From ADIDAS."
"Women Dri-FIT Sports Tights","APP-00240","8.41","87","apraa & parma,clothing,sport,sports,women","https://assets.myntassets.com/f_webp,dpr_1.0,q_60,w_210,c_limit,fl_progressive/assets/images/22883522/2023/4/24/077f8503-c5c3-438d-a8f1-99f6c15998a71682344242890Tights1.jpg","Women Dri-FIT Sports Tights. From Apraa & Parma."
"Lightly Padded Sports Bra","APP-00241","5.45","26","clothing,infinium,sport,sports","https://assets.myntassets.com/f_webp,dpr_1.0,q_60,w_210,c_limit,fl_progressive/assets/images/22893370/2023/4/25/c7463b9a-f5df-4d3c-b43d-e9701cc605731682431752998Bra1.jpg","Lightly Padded Sports Bra. From INFINIUM."
"Women Cotton Track Pants","APP-00242","8.35","47","clora creation,clothing,cotton,women","https://assets.myntassets.com/f_webp,dpr_1.0,q_60,w_210,c_limit,fl_progressive/assets/images/22907690/2023/4/26/3e385270-4f29-416e-9220-17803394b9261682505180950CloraSeaGreenSolidMidRiseCottonTrackpants1.jpg","Women Cotton Track Pants. From Clora Creation."
"Women Mid Rise Knitted Tights","APP-00243","15.95","61","clothing,sweet dreams,women","https://assets.myntassets.com/f_webp,dpr_1.0,q_60,w_210,c_limit,fl_progressive/assets/images/22892222/2023/4/25/07cd6608-3f7b-4d9b-8bf5-e02ccaa9e5441682417050987SweetDreamsWomenSolidAnkleTights1.jpg","Women Mid Rise Knitted Tights. From Sweet Dreams."
"Women Plus Size Track Pant","APP-00244","23.99","25","clothing,kepa,women","https://assets.myntassets.com/f_webp,dpr_1.0,q_60,w_210,c_limit,fl_progressive/assets/images/22899770/2023/4/25/e30d6bd4-aeb7-481f-8651-08f0f185b4e11682432725148KepaPlusSizeCottonTrackpantsForWomen1.jpg","Women Plus Size Track Pant. From KEPA."
"Women Pack Of 3 Sports Shorts","APP-00245","6.9","78","clothing,jinfo,sport,sports,women","https://assets.myntassets.com/f_webp,dpr_1.0,q_60,w_210,c_limit,fl_progressive/assets/images/22945750/2023/4/29/9243aaa4-08e0-4054-a762-120b78e87e801682741442541JinfoWomenPinkYogaSportsShorts1.jpg","Women Pack Of 3 Sports Shorts. From Jinfo."
"Women Pack Of 3 Yoga Shorts","APP-00246","6.9","71","clothing,jinfo,women","https://assets.myntassets.com/f_webp,dpr_1.0,q_60,w_210,c_limit,fl_progressive/assets/images/22945742/2023/4/28/7f19f6cd-3ecf-4e6e-8e4c-d99f85df42881682685410861JinfoWomenPinkColourblockedYogaSportsShorts1.jpg","Women Pack Of 3 Yoga Shorts. From Jinfo."
"Women STELLA MCCARTNEY Joggers","APP-00247","115.19","62","adidas,clothing,women","https://assets.myntassets.com/f_webp,dpr_1.0,q_60,w_210,c_limit,fl_progressive/assets/images/22916188/2023/4/27/3b3fdc4c-a5fb-496d-90d4-bab28e540ea11682583408996TrackPants1.jpg","Women STELLA MCCARTNEY Joggers. From ADIDAS."
"Women Pack Of 3 Yoga Shorts","APP-00248","6.9","85","clothing,jinfo,women","https://assets.myntassets.com/f_webp,dpr_1.0,q_60,w_210,c_limit,fl_progressive/assets/images/22945720/2023/4/28/082369f4-584f-419e-8140-375e77fc0a4e1682694459309JinfoWomenBeigeYogaSportsShorts1.jpg","Women Pack Of 3 Yoga Shorts. From Jinfo."
"Women Dri-FIT Sports Tights","APP-00249","8.41","49","apraa & parma,clothing,sport,sports,women","https://assets.myntassets.com/f_webp,dpr_1.0,q_60,w_210,c_limit,fl_progressive/assets/images/22883516/2023/4/24/0a71b486-2bdf-4793-a132-2aef3e83566b1682343056778Tights1.jpg","Women Dri-FIT Sports Tights. From Apraa & Parma."
"Women Cotton Track Pants","APP-00250","8.35","78","clora creation,clothing,cotton,women","https://assets.myntassets.com/f_webp,dpr_1.0,q_60,w_210,c_limit,fl_progressive/assets/images/22907692/2023/4/26/4a141f2e-1948-44ee-af4e-01e141d8c05a1682506343143CloraLightGreySolidMidRiseCottonTrackpants1.jpg","Women Cotton Track Pants. From Clora Creation."
"SPORTSWEAR HOODIE Sweatshirts","APP-00251","179.99","35","adidas,clothing,sport,sports","https://assets.myntassets.com/f_webp,dpr_1.0,q_60,w_210,c_limit,fl_progressive/assets/images/22916148/2023/4/27/1d9eee15-5c57-4a77-a08a-0af1ada757591682590248647Sweatshirts1.jpg","SPORTSWEAR HOODIE Sweatshirts. From ADIDAS."
"Women Plus Size Track Pants","APP-00252","23.99","37","clothing,kepa,women","https://assets.myntassets.com/f_webp,dpr_1.0,q_60,w_210,c_limit,fl_progressive/assets/images/22899786/2023/4/25/63cffd69-3bec-4c7a-b565-5b004b214bfc1682435080278KepaPlusSizeCottonTrackpantsForWomen1.jpg","Women Plus Size Track Pants. From KEPA."
"Women High Rise Knitted Tights","APP-00253","11.95","68","clothing,sweet dreams,women","https://assets.myntassets.com/f_webp,dpr_1.0,q_60,w_210,c_limit,fl_progressive/assets/images/22892026/2023/4/25/b934f41a-1437-4f5b-baa8-f4a37e01a3fc1682417692878SweetDreamsWomenSolidAnkleTights1.jpg","Women High Rise Knitted Tights. From Sweet Dreams."
"Lightly Padded Sports Bra","APP-00254","33.52","39","apraa & parma,clothing,sport,sports","https://assets.myntassets.com/f_webp,dpr_1.0,q_60,w_210,c_limit,fl_progressive/assets/images/22873864/2023/4/24/0f6e908f-0285-4ffa-aa1f-ae5fcf99a4ff1682360284846GymBra1.jpg","Lightly Padded Sports Bra. From Apraa & Parma."
"Women Mid Rise Knitted Tights","APP-00255","15.95","17","clothing,sweet dreams,women","https://assets.myntassets.com/f_webp,dpr_1.0,q_60,w_210,c_limit,fl_progressive/assets/images/22892148/2023/4/25/dbf54e16-333c-4a35-a277-121c3a3d16b71682417297938SweetDreamsWomenSolidAnkleTights1.jpg","Women Mid Rise Knitted Tights. From Sweet Dreams."
"Women Pack Of 3 Sports Shorts","APP-00256","6.9","69","clothing,jinfo,sport,sports,women","https://assets.myntassets.com/f_webp,dpr_1.0,q_60,w_210,c_limit,fl_progressive/assets/images/22945732/2023/4/29/3f829cd1-8831-4bdf-967a-7ef4df0448c31682742677868JinfoWomenBeigeYogaSportsShorts1.jpg","Women Pack Of 3 Sports Shorts. From Jinfo."
"Bra Solid","APP-00257","6.23","11","clothing,plumbury,solid","https://assets.myntassets.com/f_webp,dpr_1.0,q_60,w_210,c_limit,fl_progressive/assets/images/22959204/2023/4/29/bc8a6d2e-8701-4873-a4ac-cd035c8f08731682773614785Bra1.jpg","Bra Solid. From PLUMBURY."
"Women Flyknit Sports Shoes","SHOE-00038","23.99","35","jumplite,shoes,sport,sports,women","https://assets.myntassets.com/f_webp,dpr_1.0,q_60,w_210,c_limit,fl_progressive/assets/images/22920088/2023/4/27/26288d72-ccbb-4df3-ade8-6699fee293981682607205091JUMPLITEV-2WomeMulticolorRunningShoes-36Euro1.jpg","Women Flyknit Sports Shoes. From JUMPLITE."
"Pack Of 2 Ankle-Length Socks","APP-00258","2.87","80","balenzia,clothing","https://assets.myntassets.com/f_webp,dpr_1.0,q_60,w_210,c_limit,fl_progressive/assets/images/22883760/2023/4/25/9a9ef8f1-63bf-42f7-84dc-39d3b06a07721682368842319BalenziaLowcutGymsocksforWomen-2PairPackBlackWhite1.jpg","Pack Of 2 Ankle-Length Socks. From Balenzia."
"Women Cotton Track Pants","APP-00259","8.35","10","clora creation,clothing,cotton,women","https://assets.myntassets.com/f_webp,dpr_1.0,q_60,w_210,c_limit,fl_progressive/assets/images/22907694/2023/4/26/273879e0-d5bc-4d93-abae-4207f68e14e71682506462251CloraBabyPinkSolidMidRiseCottonTrackpants1.jpg","Women Cotton Track Pants. From Clora Creation."
"Women Skinny Sports Shorts","APP-00260","13.12","96","apraa & parma,clothing,sport,sports,women","https://assets.myntassets.com/f_webp,dpr_1.0,q_60,w_210,c_limit,fl_progressive/assets/images/22964808/2023/4/29/cd4f65ff-9672-413b-b049-95c98c8659901682777671939ApraaParmaWomenBeigeSkinnyFitCyclingSportsShortswithe-DryTec1.jpg","Women Skinny Sports Shorts. From Apraa & Parma."
"SPORTSWEAR Joggers","APP-00261","131.99","53","adidas,clothing,sport,sports","https://assets.myntassets.com/f_webp,dpr_1.0,q_60,w_210,c_limit,fl_progressive/assets/images/22916184/2023/4/27/b6d72252-2a6d-408b-9ecc-4b2025e8e8641682582375868TrackPants1.jpg","SPORTSWEAR Joggers. From ADIDAS."
"Women Pack Of 3 Yoga Shorts","APP-00262","6.9","74","clothing,jinfo,women","https://assets.myntassets.com/f_webp,dpr_1.0,q_60,w_210,c_limit,fl_progressive/assets/images/22945748/2023/4/28/52ea4872-0277-40f4-9931-0fbe32280f6d1682686915254JinfoWomenPinkColourblockedYogaSportsShorts1.jpg","Women Pack Of 3 Yoga Shorts. From Jinfo."
"Unisex Infusion Training Shoes","SHOE-00039","83.99","11","puma,shoes","https://assets.myntassets.com/f_webp,dpr_1.0,q_60,w_210,c_limit,fl_progressive/assets/images/22602944/2023/4/19/7f5a3198-beb8-418d-8933-8fb5132d88a51681886239704InfusionUnisexTrainingShoes1.jpg","Unisex Infusion Training Shoes. From Puma."
"Printed Swimwear Sarong","APP-00263","10.6","86","claura,clothing,printed","https://assets.myntassets.com/f_webp,dpr_1.0,q_60,w_210,c_limit,fl_progressive/assets/images/22864316/2023/4/22/015e707b-75d6-496a-b8a2-df85e20ccfb61682159432482Swimwear1.jpg","Printed Swimwear Sarong. From Claura."
"Women Boy Shorts Briefs","APP-00264","4.5","95","clothing,noira,women","https://assets.myntassets.com/f_webp,dpr_1.0,q_60,w_210,c_limit,fl_progressive/assets/images/22916586/2023/4/27/5ec8d463-4d3f-47e1-9841-d9d3dc967dcc1682582867993Briefs1.jpg","Women Boy Shorts Briefs. From NOIRA."
"Pack Of 12 Hipster Brief","APP-00265","50.94","74","clothing,fleurt","https://assets.myntassets.com/f_webp,dpr_1.0,q_60,w_210,c_limit,fl_progressive/assets/images/22891548/2023/4/25/bad2ae58-8d27-4288-acfc-9b7cc322ce3d1682425615059Briefs1.jpg","Pack Of 12 Hipster Brief. From Fleurt."
"Printed Nightdress","APP-00266","9.59","69","clothing,momtobe,printed","https://assets.myntassets.com/f_webp,dpr_1.0,q_60,w_210,c_limit,fl_progressive/assets/images/22960512/2023/4/29/93118919-9151-4a88-a971-851ad6d41c421682774586192MomToBeWomensCottonRedFloralPrintedMaternityNighty1.jpg","Printed Nightdress. From MomToBe."
"Padded & Wired Lingerie Set","APP-00267","16.56","23","clothing,soie","https://assets.myntassets.com/f_webp,dpr_1.0,q_60,w_210,c_limit,fl_progressive/assets/images/22908202/2023/4/26/1af3c6c1-7488-46b3-b66f-0899facaccf31682505412305LingerieSet1.jpg","Padded & Wired Lingerie Set. From Soie."
"Women Printed Lounge Pants","APP-00268","11.39","73","clothing,printed,sweet dreams,women","https://assets.myntassets.com/f_webp,dpr_1.0,q_60,w_210,c_limit,fl_progressive/assets/images/22892136/2023/4/25/72a5eebc-a044-4e02-9dbe-c5fa146f6dff1682416817739SweetDreamsWomenPrintedPalazzo1.jpg","Women Printed Lounge Pants. From Sweet Dreams."
"Breast lift strapless pushup","APP-00269","9.11","91","bellofox,clothing","https://assets.myntassets.com/f_webp,dpr_1.0,q_60,w_210,c_limit,fl_progressive/assets/images/22887452/2023/4/25/52a9d703-5096-4521-b0e8-8933068c09661682401353266Lingerieaccessories1.jpg","Breast lift strapless pushup. From Bellofox."
"Women Pack Of 2 Briefs","APP-00270","6.48","29","clothing,soie,women","https://assets.myntassets.com/f_webp,dpr_1.0,q_60,w_210,c_limit,fl_progressive/assets/images/22897888/2023/4/26/a788f92b-0697-4394-815a-35f08f98795f1682482398422SOIEMidRiseFullCoverageSuperSoftMicroModalLaceDetailedBriefP1.jpg","Women Pack Of 2 Briefs. From Soie."
"Women Cotton Lounge Pants","APP-00271","7.2","46","clothing,cotton,okane,women","https://assets.myntassets.com/f_webp,dpr_1.0,q_60,w_210,c_limit,fl_progressive/assets/images/22882940/2023/4/24/2fdd7a5c-8bde-4a0f-8034-1cfe4be294241682340527854LoungePants1.jpg","Women Cotton Lounge Pants. From Okane."
"Pack Of 8 Hipster Briefs","APP-00272","39.54","97","clothing,fleurt","https://assets.myntassets.com/f_webp,dpr_1.0,q_60,w_210,c_limit,fl_progressive/assets/images/22891468/2023/4/25/d6eb8a3d-987d-4f15-9edf-f7bf467fa79b1682414723099Briefs1.jpg","Pack Of 8 Hipster Briefs. From Fleurt."
"Coverage Lightly Padded Bra","APP-00273","11.28","30","clothing,soie","https://assets.myntassets.com/f_webp,dpr_1.0,q_60,w_210,c_limit,fl_progressive/assets/images/22902148/2023/4/26/de3cbffb-51ad-434f-a164-170456ac806e1682489419583SOIEFullCoveragePaddedNon-WiredBra1.jpg","Coverage Lightly Padded Bra. From Soie."
"One Shoulder Swim Bodysuit","APP-00274","30.6","70","addery,clothing","https://assets.myntassets.com/f_webp,dpr_1.0,q_60,w_210,c_limit,fl_progressive/assets/images/22901964/2023/4/26/b5aab1ea-5493-4fed-8253-c773da7a1e8e1682492634722Swimwear1.jpg","One Shoulder Swim Bodysuit. From Addery."
"Women Mid-Rise Lounge Pants","APP-00275","11.95","36","clothing,sweet dreams,women","https://assets.myntassets.com/f_webp,dpr_1.0,q_60,w_210,c_limit,fl_progressive/assets/images/22892106/2023/4/25/690dd76a-9854-4c32-bdb1-232f5dff4e741682417127421SweetDreamsWomenSolidPyjama1.jpg","Women Mid-Rise Lounge Pants. From Sweet Dreams."
"Women Pack Of 6 Hipster Briefs","APP-00276","29.94","11","clothing,fleurt,women","https://assets.myntassets.com/f_webp,dpr_1.0,q_60,w_210,c_limit,fl_progressive/assets/images/22891520/2023/4/25/33a59bc3-0cae-4106-8046-1ba7a1dbbef11682414209662Briefs1.jpg","Women Pack Of 6 Hipster Briefs. From Fleurt."
"Pack of 2 Full Coverage Bra","APP-00277","20.32","12","apraa & parma,clothing","https://assets.myntassets.com/f_webp,dpr_1.0,q_60,w_210,c_limit,fl_progressive/assets/images/22873652/2023/4/24/6a88bbbd-04ac-4821-a25c-547f8d1ad8a21682360279777NonPadded1.jpg","Pack of 2 Full Coverage Bra. From Apraa & Parma."
"Women Floral Print Night suit","APP-00278","11.32","83","clothing,floral,organzaa,women","https://assets.myntassets.com/f_webp,dpr_1.0,q_60,w_210,c_limit,fl_progressive/assets/images/22960770/2023/4/29/6a8eb0a1-6b17-48cd-a04b-70bed7c7f42c1682766741412ORGANZAAWomenPrintedCottonNightSuit1.jpg","Women Floral Print Night suit. From Organzaa."
"Halter Neck Baby Doll","APP-00279","25.74","22","clothing,fleurt","https://assets.myntassets.com/f_webp,dpr_1.0,q_60,w_210,c_limit,fl_progressive/assets/images/22952736/2023/4/29/02e170ec-5061-4b70-8c65-c81b73c0c6451682732916801BabyDollWithThongPanty1.jpg","Halter Neck Baby Doll. From Fleurt."
"Women Printed Lounge Shorts","APP-00280","7.08","38","clothing,printed,women,yoonoy","https://assets.myntassets.com/f_webp,dpr_1.0,q_60,w_210,c_limit,fl_progressive/assets/images/22947298/2023/4/28/f3845e8c-e4e2-4ea9-9624-e4e0ecf5f0801682701341232PrintedLoungewearKnitshortswithsidepockets1.jpg","Women Printed Lounge Shorts. From YOONOY."
"Lightly Padded T-shirt Bra","APP-00281","5.93","12","clothing,prettycat","https://assets.myntassets.com/f_webp,dpr_1.0,q_60,w_210,c_limit,fl_progressive/assets/images/22937638/2023/4/28/6ec2ef10-343d-456a-afa0-c45a141ec6051682687303763PrettyCatUnderwiredPolkaPrintFullCoverageT-ShirtBra1.jpg","Lightly Padded T-shirt Bra. From PrettyCat."
"Baby Doll","APP-00282","23.94","41","clothing,fleurt","https://assets.myntassets.com/f_webp,dpr_1.0,q_60,w_210,c_limit,fl_progressive/assets/images/22956152/2023/4/29/2712ce4d-63cd-4bea-b513-fc6ca467d5ef1682769528117BabyDollWithThongPanty1.jpg","Baby Doll. From Fleurt."
"Bra Solid","APP-00283","4.81","38","clothing,color capital,solid","https://assets.myntassets.com/f_webp,dpr_1.0,q_60,w_210,c_limit,fl_progressive/assets/images/22966644/2023/5/1/d4a3902f-5e02-4622-86ce-599fbf7c8cfb1682909428495Bra1.jpg","Bra Solid. From COLOR CAPITAL."
"Lightly Padded Plunge Bra","APP-00284","8.41","81","clothing,prettycat","https://assets.myntassets.com/f_webp,dpr_1.0,q_60,w_210,c_limit,fl_progressive/assets/images/22937628/2023/4/28/cfa34921-1b96-428d-b933-f5ca25919cda1682687300905PrettyCatColorblockUnderwiredSeamlessPlungeBra1.jpg","Lightly Padded Plunge Bra. From PrettyCat."
"3 Piece Satin Night Suit","APP-00285","32.39","38","clothing,satin,sweet dreams","https://assets.myntassets.com/f_webp,dpr_1.0,q_60,w_210,c_limit,fl_progressive/assets/images/22892216/2023/4/25/1131b49e-87c8-43ae-bbaa-39c54b3ac1031682416991932SweetDreamsWomenPrinted3piecePyjamaSet1.jpg","3 Piece Satin Night Suit. From Sweet Dreams."
"Women Pack Of 2 Hipster Briefs","APP-00286","8.39","64","clothing,triumph,women","https://assets.myntassets.com/f_webp,dpr_1.0,q_60,w_210,c_limit,fl_progressive/assets/images/22902116/2023/4/26/44241d4a-dc48-4ebc-af28-31553fa8c9d91682501712283TriumphSeamlessSoftTouchMidiBrief-PackOf21.jpg","Women Pack Of 2 Hipster Briefs. From Triumph."
"Stick-On Backless Push Up Bra","APP-00287","5.75","98","clothing,hill islands","https://assets.myntassets.com/f_webp,dpr_1.0,q_60,w_210,c_limit,fl_progressive/assets/images/22886444/2023/4/27/7b97a948-ed78-4307-a65a-fb75a8522bae1682538123574SiliconStickOnBra1.jpg","Stick-On Backless Push Up Bra. From Hill Islands."
"Lightly Padded Bandeau Bra","APP-00288","13.1","95","clothing,noira","https://assets.myntassets.com/f_webp,dpr_1.0,q_60,w_210,c_limit,fl_progressive/assets/images/22959806/2023/4/29/57d9ec29-58fc-4272-ad42-d0876460c77f1682789757559Bra1.jpg","Lightly Padded Bandeau Bra. From NOIRA."
"Baby Doll","APP-00289","26.94","12","clothing,fleurt","https://assets.myntassets.com/f_webp,dpr_1.0,q_60,w_210,c_limit,fl_progressive/assets/images/22952646/2023/4/29/b49beaa1-867a-48c5-88aa-d1bd367dc7431682718282724BabyDollWithThongPanty1.jpg","Baby Doll. From Fleurt."
"Women Slim Fit Lounge Pant","APP-00290","11.39","14","clothing,slim,sweet dreams,women","https://assets.myntassets.com/f_webp,dpr_1.0,q_60,w_210,c_limit,fl_progressive/assets/images/22892028/2023/4/25/0dba265a-d730-4c18-ae00-be9b378b9b521682416792466SweetDreamsWomenSolidPyjama1.jpg","Women Slim Fit Lounge Pant. From Sweet Dreams."
"Women Pack Of 3 Bikini Briefs","APP-00291","29.94","52","clothing,fleurt,women","https://assets.myntassets.com/f_webp,dpr_1.0,q_60,w_210,c_limit,fl_progressive/assets/images/22891484/2023/4/25/65ae9fc4-af90-4cc6-9807-5aa407e7dcd81682411955271Briefs1.jpg","Women Pack Of 3 Bikini Briefs. From Fleurt."
"Women Floral Print Night suit","APP-00292","17.08","19","clothing,floral,organzaa,women","https://assets.myntassets.com/f_webp,dpr_1.0,q_60,w_210,c_limit,fl_progressive/assets/images/22960780/2023/4/29/ff864458-38c8-4cef-b5ff-5726270ae4c61682766065530ORGANZAAWomenPrintedCottonNightSuit1.jpg","Women Floral Print Night suit. From Organzaa."
"Lightly Padded Bandeau Bra","APP-00293","5.88","24","clothing,noira","https://assets.myntassets.com/f_webp,dpr_1.0,q_60,w_210,c_limit,fl_progressive/assets/images/22960756/2023/4/29/d0d119ee-2495-4548-94c4-6e7b2f7e25281682773993290Bra1.jpg","Lightly Padded Bandeau Bra. From NOIRA."
"Halter Neck Baby Doll","APP-00294","23.94","79","clothing,fleurt","https://assets.myntassets.com/f_webp,dpr_1.0,q_60,w_210,c_limit,fl_progressive/assets/images/22952638/2023/4/29/40a2e182-ed79-41a4-a088-409d70df6de71682718328407BabyDollWithThongPanty1.jpg","Halter Neck Baby Doll. From Fleurt."
"Halter Neck Baby Doll","APP-00295","23.94","72","clothing,fleurt","https://assets.myntassets.com/f_webp,dpr_1.0,q_60,w_210,c_limit,fl_progressive/assets/images/22952628/2023/4/29/656b3e86-e7f2-499e-b8b2-afc2941d5efc1682718303759BabyDollWithThongPanty1.jpg","Halter Neck Baby Doll. From Fleurt."
"Women Lounge Pants","APP-00296","11.95","30","clothing,sweet dreams,women","https://assets.myntassets.com/f_webp,dpr_1.0,q_60,w_210,c_limit,fl_progressive/assets/images/22892214/2023/4/25/8084fe2d-2841-40e6-b0d9-88723f290cd61682417185862SweetDreamsWomenSolidPyjama1.jpg","Women Lounge Pants. From Sweet Dreams."
"All Day Comfort Everyday Bra","APP-00297","9.48","81","clothing,soie","https://assets.myntassets.com/f_webp,dpr_1.0,q_60,w_210,c_limit,fl_progressive/assets/images/22902126/2023/4/26/42e6a007-63e6-4f04-ad50-cf092ce08ad31682489407098SOIENonPaddedNonWiredPrintedLoungeBrawithRemovableCups1.jpg","All Day Comfort Everyday Bra. From Soie."
"Checked Pure Cotton Night Suit","APP-00298","22.79","94","checked,clothing,cotton,sweet dreams","https://assets.myntassets.com/f_webp,dpr_1.0,q_60,w_210,c_limit,fl_progressive/assets/images/22892204/2023/4/25/0f6d8702-20bf-4cc7-b736-d5860d489a7b1682417572921SweetDreamsWomenPrintedHalfSleevesPyjamaSet1.jpg","Checked Pure Cotton Night Suit. From Sweet Dreams."
"Pack Of 6 Hipster Briefs","APP-00299","29.94","45","clothing,fleurt","https://assets.myntassets.com/f_webp,dpr_1.0,q_60,w_210,c_limit,fl_progressive/assets/images/22891544/2023/4/25/042383b2-9a4e-4f6b-a96e-25592d4703281682413018136Briefs1.jpg","Pack Of 6 Hipster Briefs. From Fleurt."
"Lightly Padded Bandeau Bra","APP-00300","10.8","40","clothing,noira","https://assets.myntassets.com/f_webp,dpr_1.0,q_60,w_210,c_limit,fl_progressive/assets/images/22959852/2023/4/29/2095592f-6598-4a16-b1c0-7e441d54cc2e1682777878811Bra1.jpg","Lightly Padded Bandeau Bra. From NOIRA."
"Floral Satin Night Suit","APP-00301","22.79","35","clothing,floral,i like me,satin","https://assets.myntassets.com/f_webp,dpr_1.0,q_60,w_210,c_limit,fl_progressive/assets/images/22950920/2023/4/29/8f7e9656-9ae6-4cd5-8adc-4a11f535eea71682748485914IlikemeWomensSatinNightSuitLilyPurpleFloralEmbroideryShirtPa1.jpg","Floral Satin Night Suit. From I like me."
"Pack Of 10 Hipster Briefs","APP-00302","43.74","37","clothing,fleurt","https://assets.myntassets.com/f_webp,dpr_1.0,q_60,w_210,c_limit,fl_progressive/assets/images/22891536/2023/4/25/0e129ebc-7c0e-4589-bf3a-0176d24b65451682413547726Briefs1.jpg","Pack Of 10 Hipster Briefs. From Fleurt."
"Baby Doll","APP-00303","25.74","88","clothing,fleurt","https://assets.myntassets.com/f_webp,dpr_1.0,q_60,w_210,c_limit,fl_progressive/assets/images/22956190/2023/4/29/924bf441-5ceb-4a63-af30-b3c4c9a50f9c1682769514968BabyDollWithThongPanty1.jpg","Baby Doll. From Fleurt."
"Women Floral Print Night suit","APP-00304","14.2","32","clothing,floral,organzaa,women","https://assets.myntassets.com/f_webp,dpr_1.0,q_60,w_210,c_limit,fl_progressive/assets/images/22960766/2023/4/29/6becf67e-d074-45e9-93fe-791b11ec961d1682764321892ORGANZAAWomenPrintedCottonNightSuit1.jpg","Women Floral Print Night suit. From Organzaa."
"Women Printed Lounge Pants","APP-00305","11.39","21","clothing,printed,sweet dreams,women","https://assets.myntassets.com/f_webp,dpr_1.0,q_60,w_210,c_limit,fl_progressive/assets/images/22892088/2023/4/26/05519202-6a32-4312-9fe9-186690589c551682461805966SweetDreamsWomenPrintedPyjama1.jpg","Women Printed Lounge Pants. From Sweet Dreams."
"Striped Pure Cotton Night Suit","APP-00306","11.03","61","claura,clothing,cotton,striped","https://assets.myntassets.com/f_webp,dpr_1.0,q_60,w_210,c_limit,fl_progressive/assets/images/22921820/2023/4/27/921fae30-09d9-4698-8319-43b9939514ca1682594448538Nightsuits1.jpg","Striped Pure Cotton Night Suit. From Claura."
"Top With Pyjamas Nightsuit","APP-00307","7.97","21","clothing,vimal jonney","https://assets.myntassets.com/f_webp,dpr_1.0,q_60,w_210,c_limit,fl_progressive/assets/images/22886050/2023/4/24/81676bde-053e-4b91-92ee-efada49e6ce51682350565430ViimalJonneyCottonCO-ORDSetforWomen1.jpg","Top With Pyjamas Nightsuit. From VIMAL JONNEY."
"Women Printed Night Suit","APP-00308","7.97","44","clothing,printed,vimal jonney,women","https://assets.myntassets.com/f_webp,dpr_1.0,q_60,w_210,c_limit,fl_progressive/assets/images/22886086/2023/4/24/ea31f1d1-563e-405c-992d-5514872c726e1682345955051ViimalJonneyCottonCO-ORDSetforWomen1.jpg","Women Printed Night Suit. From VIMAL JONNEY."
"Baby Doll","APP-00309","27.54","69","clothing,fleurt","https://assets.myntassets.com/f_webp,dpr_1.0,q_60,w_210,c_limit,fl_progressive/assets/images/22956158/2023/4/29/5cca161c-f875-4875-a7c0-a7aae53a7f961682769530294BabyDollWithThongPanty1.jpg","Baby Doll. From Fleurt."
"Women Pack Of 6 Hipster Briefs","APP-00310","29.94","71","clothing,fleurt,women","https://assets.myntassets.com/f_webp,dpr_1.0,q_60,w_210,c_limit,fl_progressive/assets/images/22891560/2023/4/26/6b45a074-17f2-4db7-be21-c4f2022e8b391682458206302Briefs1.jpg","Women Pack Of 6 Hipster Briefs. From Fleurt."
"Lightly Padded Bandeau Bra","APP-00311","13.1","43","clothing,noira","https://assets.myntassets.com/f_webp,dpr_1.0,q_60,w_210,c_limit,fl_progressive/assets/images/22959804/2023/4/29/4a42ac80-5cd7-440e-ad31-427f3898b1481682789784640Bra1.jpg","Lightly Padded Bandeau Bra. From NOIRA."
"Women Mid-Rise Lounge Shorts","APP-00312","10.25","96","clothing,sweet dreams,women","https://assets.myntassets.com/f_webp,dpr_1.0,q_60,w_210,c_limit,fl_progressive/assets/images/22892158/2023/4/25/6bd08781-7ccd-4d4e-a696-270819046f001682428782276SweetDreamsWomenSolidShorts1.jpg","Women Mid-Rise Lounge Shorts. From Sweet Dreams."
